Player,Pos,Age,Tm,G,GS,MP,FG,FGA,FG%,3P,3PA,3P%,2P,2PA,2P%,eFG%,FT,FTA,FT%,ORB,DRB,TRB,AST,STL,BLK,TOV,PF,PTS,2022/23 Salary,Salary
Precious Achiuwa,C,23,TOR,44,11,22.0,3.6,7.5,0.476,0.5,1.9,0.256,3.1,5.7,0.548,0.508,1.7,2.5,0.691,1.9,4.3,6.1,1.0,0.6,0.6,1.2,2.0,9.4,2840160,2840160
Steven Adams,C,29,MEM,42,42,27.0,3.7,6.3,0.597,0.0,0.0,0.0,3.7,6.2,0.599,0.597,1.1,3.1,0.364,5.1,6.5,11.5,2.3,0.9,1.1,1.9,2.3,8.6,17926829,17926829
Bam Adebayo,C,25,MIA,64,64,35.1,8.3,15.4,0.541,0.0,0.2,0.083,8.3,15.2,0.547,0.542,4.4,5.4,0.807,2.4,7.0,9.4,3.3,1.2,0.8,2.6,2.9,21.0,30351780,30351780
Ochai Agbaji,SG,22,UTA,45,8,17.3,2.0,4.6,0.44,1.1,3.0,0.366,1.0,1.7,0.573,0.557,0.5,0.7,0.742,0.6,1.1,1.8,0.7,0.2,0.2,0.4,1.5,5.7,3918360,3918360
Santiago Aldama,PF,22,MEM,63,18,22.1,3.3,7.0,0.475,1.3,3.7,0.359,2.0,3.4,0.601,0.569,1.3,1.8,0.719,1.0,3.6,4.6,1.2,0.6,0.7,0.7,1.9,9.3,2094120,2094120
Nickeil Alexander-Walker,SG,24,TOT,45,3,15.1,2.4,5.1,0.47,1.1,2.7,0.408,1.3,2.4,0.536,0.576,0.7,1.1,0.667,0.3,1.5,1.8,2.0,0.6,0.4,1.1,1.6,6.6,5009633,5009633
Grayson Allen,SG,27,MIL,63,61,27.9,3.5,7.9,0.445,2.1,5.1,0.404,1.4,2.8,0.52,0.576,1.7,1.8,0.904,0.9,2.4,3.3,2.4,0.8,0.2,1.0,1.7,10.8,8500000,8500000
Jarrett Allen,C,24,CLE,62,62,33.0,6.0,9.2,0.649,0.0,0.1,0.111,6.0,9.1,0.657,0.649,2.4,3.3,0.728,3.1,6.7,9.8,1.7,0.8,1.2,1.4,2.2,14.4,20000000,20000000
Jose Alvarado,PG,24,NOP,61,10,21.5,3.3,8.0,0.411,1.4,4.0,0.336,1.9,4.0,0.488,0.496,1.1,1.3,0.813,0.5,1.9,2.3,3.0,1.1,0.2,1.3,2.0,9.0,1563518,1563518
Kyle Anderson,PF,29,MIN,55,39,26.8,3.3,6.5,0.513,0.6,1.4,0.436,2.7,5.1,0.534,0.56,1.6,2.1,0.752,0.8,4.2,5.0,4.3,1.1,0.9,1.4,2.1,8.9,8780488,8780488
Giannis Antetokounmpo,PF,28,MIL,52,52,32.5,11.0,20.5,0.539,0.8,2.9,0.28,10.2,17.6,0.581,0.559,8.3,12.7,0.654,2.3,9.7,11.9,5.5,0.7,0.8,3.9,3.3,31.2,42492492,42492492
Thanasis Antetokounmpo,SF,30,MIL,28,0,4.0,0.2,0.8,0.273,0.0,0.2,0.0,0.2,0.6,0.353,0.273,0.1,0.3,0.5,0.3,0.7,1.0,0.1,0.1,0.1,0.3,0.5,0.6,1878720,1878720
Cole Anthony,PG,22,ORL,48,3,25.3,4.3,9.7,0.444,1.1,3.2,0.348,3.2,6.4,0.492,0.502,2.5,2.9,0.878,0.6,3.9,4.5,4.0,0.6,0.6,1.5,2.6,12.3,3613680,3613680
OG Anunoby,SF,25,TOR,54,54,35.9,6.1,13.3,0.462,1.9,5.3,0.368,4.2,8.0,0.524,0.536,2.4,2.9,0.831,1.5,3.7,5.2,1.9,2.0,0.7,2.2,3.0,16.6,17357143,17357143
Ryan Arcidiacono,PG,28,TOT,15,1,5.7,0.4,1.1,0.353,0.3,0.7,0.5,0.1,0.5,0.143,0.5,0.0,0.0,,0.0,0.7,0.7,0.6,0.2,0.0,0.3,0.7,1.1,2298385,2298385
Deni Avdija,SF,22,WAS,66,34,25.9,3.1,7.3,0.426,0.8,2.9,0.289,2.2,4.3,0.519,0.484,1.6,2.1,0.766,1.0,5.2,6.2,2.5,0.8,0.4,1.4,2.8,8.7,4916160,4916160
Deandre Ayton,C,24,PHO,58,58,30.4,7.9,13.4,0.592,0.1,0.4,0.304,7.8,13.0,0.601,0.597,2.3,3.0,0.744,2.7,7.5,10.2,1.9,0.6,0.8,1.8,2.8,18.2,30913750,30913750
Udoka Azubuike,C,23,UTA,26,0,5.9,0.9,1.1,0.828,0.0,0.0,,0.9,1.1,0.828,0.828,0.1,0.3,0.25,0.6,1.5,2.2,0.2,0.2,0.3,0.4,0.5,1.9,2174880,2174880
Marvin Bagley,C,23,DET,33,18,22.6,4.6,8.7,0.531,0.3,1.4,0.222,4.3,7.4,0.588,0.549,1.7,2.4,0.718,2.5,4.2,6.7,0.7,0.4,0.8,1.1,2.0,11.3,12500000,12500000
Patrick Baldwin,SF,20,GSW,23,0,8.8,1.7,4.3,0.404,1.3,3.3,0.395,0.4,1.0,0.435,0.556,0.2,0.3,0.667,0.0,1.4,1.5,0.3,0.3,0.2,0.4,0.6,5.0,2226000,2226000
LaMelo Ball,PG,21,CHO,36,36,35.2,8.2,20.0,0.411,4.0,10.6,0.376,4.2,9.4,0.45,0.51,2.8,3.4,0.836,1.2,5.3,6.4,8.4,1.3,0.3,3.6,3.3,23.3,8623920,8623920
Mo Bamba,C,24,TOT,47,7,16.2,2.5,5.1,0.487,1.0,2.6,0.39,1.4,2.4,0.591,0.588,0.9,1.3,0.661,1.2,3.5,4.7,1.0,0.3,0.9,0.6,2.2,6.8,10300000,10300000
Paolo Banchero,PF,20,ORL,61,61,33.8,6.6,15.7,0.423,1.1,4.0,0.283,5.5,11.6,0.471,0.459,5.6,7.5,0.747,1.2,5.5,6.6,3.7,0.9,0.5,2.7,2.3,20.0,11055120,11055120
Desmond Bane,SG,24,MEM,44,44,31.3,7.6,16.2,0.468,2.9,7.0,0.411,4.7,9.1,0.512,0.558,3.2,3.6,0.893,0.7,4.3,5.0,4.2,0.9,0.4,2.0,2.5,21.3,2130240,2130240
Dalano Banton,PG,23,TOR,27,2,9.3,1.7,4.1,0.411,0.5,1.7,0.283,1.2,2.4,0.5,0.469,0.6,0.7,0.789,0.3,1.0,1.3,1.1,0.5,0.4,0.6,1.1,4.4,1563518,1563518
Dominick Barlow,SF,19,SAS,14,0,11.0,1.2,2.4,0.515,0.0,0.3,0.0,1.2,2.1,0.586,0.515,0.7,0.9,0.769,1.4,1.3,2.6,0.6,0.2,0.3,0.6,1.8,3.1,508891,508891
Harrison Barnes,PF,30,SAC,66,66,33.0,4.6,9.7,0.476,1.6,4.4,0.369,3.0,5.3,0.564,0.559,4.2,5.0,0.844,1.0,3.7,4.7,1.6,0.7,0.2,1.1,1.3,15.1,18352273,18352273
Scottie Barnes,PF,21,TOR,65,64,35.3,6.1,13.4,0.452,0.9,3.1,0.302,5.1,10.4,0.496,0.486,2.6,3.4,0.772,2.4,4.6,7.0,4.8,1.0,0.9,2.0,2.3,15.6,7644600,7644600
RJ Barrett,SG,22,NYK,63,63,34.2,7.1,16.4,0.43,1.7,5.5,0.317,5.3,11.0,0.487,0.483,4.0,5.3,0.746,0.9,4.3,5.2,2.7,0.5,0.2,2.2,2.5,19.8,10900634,10900634
Will Barton,SG,32,TOT,45,0,18.5,2.6,6.6,0.386,1.2,3.3,0.374,1.3,3.4,0.397,0.478,0.8,1.0,0.778,0.2,2.3,2.5,2.2,0.4,0.2,1.0,1.0,7.1,15059712,15059712
Charles Bassey,C,22,SAS,34,2,14.7,2.5,3.9,0.647,0.1,0.2,0.375,2.4,3.7,0.664,0.658,0.6,1.1,0.595,2.2,3.5,5.7,1.4,0.4,0.9,1.2,2.1,5.8,2674742,2674742
Keita Bates-Diop,SF,27,SAS,53,30,21.2,3.2,6.5,0.494,0.6,1.8,0.344,2.6,4.8,0.549,0.54,1.5,1.9,0.786,1.1,2.4,3.5,1.4,0.7,0.3,0.8,1.0,8.6,1878720,1878720
Nicolas Batum,PF,34,LAC,65,12,21.9,2.0,4.9,0.415,1.5,4.0,0.378,0.5,0.9,0.576,0.569,0.5,0.7,0.682,0.9,3.3,4.2,1.4,0.6,0.6,0.7,1.9,6.0,19700319,19700319
Darius Bazley,PF,22,TOT,38,1,15.1,1.9,4.3,0.442,0.5,1.3,0.388,1.4,3.1,0.466,0.5,0.9,1.7,0.554,0.8,2.6,3.4,0.9,0.5,0.8,0.6,1.0,5.3,4264628,4264628
Bradley Beal,SG,29,WAS,46,46,33.5,8.9,17.7,0.506,1.6,4.4,0.361,7.3,13.3,0.553,0.55,3.7,4.4,0.842,0.8,3.0,3.8,5.4,0.9,0.7,2.9,2.0,23.2,43279250,43279250
Malik Beasley,SG,26,TOT,67,23,26.6,4.7,12.0,0.392,3.0,8.4,0.353,1.7,3.6,0.481,0.516,0.6,0.8,0.811,0.4,3.1,3.6,1.6,0.8,0.1,1.1,1.4,13.0,15558035,15558035
MarJon Beauchamp,SF,22,MIL,41,9,14.0,2.0,5.0,0.39,0.9,2.9,0.317,1.0,2.1,0.494,0.483,0.5,0.7,0.724,0.8,1.4,2.2,0.6,0.4,0.1,0.9,1.5,5.3,2485200,2485200
Davis Bertans,PF,30,DAL,36,0,10.6,1.4,3.3,0.429,1.1,2.9,0.39,0.3,0.4,0.714,0.601,0.3,0.3,0.833,0.2,0.8,1.0,0.4,0.3,0.1,0.3,1.1,4.3,16000000,16000000
Patrick Beverley,PG,34,TOT,53,53,27.2,2.2,5.2,0.415,1.2,3.4,0.35,1.0,1.8,0.537,0.529,0.8,1.2,0.721,0.7,2.9,3.6,2.8,0.8,0.6,0.9,2.7,6.3,13801614,13801614
Saddiq Bey,SF,23,TOT,63,32,28.4,4.6,11.0,0.417,2.0,5.5,0.37,2.6,5.5,0.465,0.51,3.0,3.5,0.865,1.1,3.4,4.5,1.5,0.9,0.2,1.0,1.7,14.3,2959080,2959080
Khem Birch,C,30,TOR,20,0,8.1,1.0,1.6,0.594,0.1,0.1,0.5,0.9,1.5,0.6,0.609,0.2,0.3,0.8,0.4,0.9,1.3,0.4,0.3,0.3,0.4,1.2,2.2,6667500,6667500
Goga Bitadze,C,23,TOT,26,0,10.1,1.5,2.7,0.549,0.2,0.7,0.294,1.3,2.1,0.63,0.585,0.5,1.2,0.467,1.3,1.4,2.8,0.9,0.4,0.5,0.5,1.5,3.7,5377520,5377520
Bismack Biyombo,C,30,PHO,48,9,13.6,1.7,2.9,0.576,0.0,0.0,,1.7,2.9,0.576,0.576,0.3,1.1,0.314,1.1,2.9,3.9,0.9,0.3,1.2,0.9,1.8,3.7,2905851,2905851
Buddy Boeheim,PG,23,DET,2,0,3.5,0.5,1.5,0.333,0.5,1.5,0.333,0.0,0.0,,0.5,0.0,0.0,,0.0,0.5,0.5,0.0,0.0,0.0,0.0,0.0,1.5,508891,508891
Bogdan Bogdanovic,SG,30,ATL,42,5,28.7,5.2,11.8,0.442,2.8,6.8,0.407,2.5,5.0,0.49,0.56,1.2,1.5,0.806,0.4,2.9,3.3,3.0,0.9,0.3,1.2,1.7,14.4,18000000,18000000
Bojan Bogdanovic,PF,33,DET,59,59,32.1,7.3,14.9,0.488,2.5,6.0,0.411,4.8,9.0,0.539,0.57,4.5,5.1,0.884,0.6,3.2,3.8,2.6,0.6,0.1,2.3,1.9,21.6,19550000,19550000
Bol Bol,PF,23,ORL,63,32,22.0,3.9,6.8,0.568,0.5,1.5,0.305,3.4,5.3,0.643,0.602,1.1,1.5,0.745,1.0,4.9,6.0,0.9,0.4,1.3,1.6,1.3,9.3,2200000,2200000
Leandro Bolmaro,SG,22,UTA,14,0,4.9,0.2,1.4,0.15,0.0,0.3,0.0,0.2,1.1,0.188,0.15,0.0,0.0,,0.3,0.2,0.5,0.5,0.2,0.1,0.5,0.7,0.4,1709300,1709300
Devin Booker,SG,26,PHO,40,40,34.2,10.1,20.5,0.491,2.3,6.3,0.369,7.8,14.2,0.545,0.548,5.2,6.2,0.838,0.9,3.7,4.6,5.9,0.9,0.4,2.5,2.9,27.7,33833400,33833400
BJ Boston,SG,21,LAC,21,1,11.8,2.4,5.8,0.421,0.6,1.4,0.414,1.9,4.4,0.424,0.471,1.4,1.8,0.763,0.3,1.0,1.4,0.9,0.4,0.0,0.6,1.0,6.8,1563518,1563518
Chris Boucher,PF,30,TOR,62,0,20.1,3.5,7.0,0.495,0.9,2.6,0.333,2.6,4.4,0.589,0.556,1.8,2.4,0.741,2.1,3.5,5.7,0.4,0.7,0.8,0.5,1.9,9.5,12690000,12690000
James Bouknight,SG,22,CHO,26,0,13.6,1.5,4.7,0.328,0.6,2.5,0.25,0.9,2.2,0.414,0.393,0.6,0.8,0.682,0.2,1.8,2.0,1.1,0.5,0.2,0.7,1.1,4.3,4362240,4362240
Jamaree Bouyea,PG,23,TOT,5,0,14.2,1.2,2.8,0.429,0.4,1.2,0.333,0.8,1.6,0.5,0.5,0.2,0.4,0.5,0.2,1.0,1.2,0.8,0.8,0.4,0.8,1.2,3.0,116986,116986
Tony Bradley,C,25,CHI,12,0,2.8,0.5,1.0,0.5,0.3,0.4,0.6,0.3,0.6,0.429,0.625,0.3,0.3,1.0,0.1,0.8,0.9,0.1,0.1,0.1,0.1,0.2,1.6,2036318,2036318
Malaki Branham,SF,19,SAS,52,19,22.3,3.6,8.2,0.442,1.1,3.5,0.304,2.6,4.7,0.545,0.507,0.8,1.0,0.8,0.4,2.0,2.4,2.0,0.5,0.1,1.1,1.7,9.1,2925600,2925600
Christian Braun,SG,21,DEN,62,3,14.4,1.7,3.3,0.505,0.4,1.1,0.409,1.2,2.3,0.55,0.57,0.5,0.7,0.609,0.6,1.6,2.2,0.8,0.4,0.2,0.4,1.1,4.2,2808600,2808600
Mikal Bridges,SF,26,TOT,69,69,36.0,6.8,14.3,0.474,2.0,4.8,0.407,4.8,9.5,0.508,0.543,3.3,3.7,0.897,1.0,3.4,4.4,3.4,1.1,0.8,1.4,2.0,18.8,20100000,20100000
Oshae Brissett,SF,24,IND,52,1,16.1,1.8,4.5,0.404,0.8,2.4,0.336,1.0,2.1,0.482,0.494,1.3,1.8,0.705,0.9,2.5,3.4,0.6,0.5,0.2,0.4,1.3,5.8,1846738,1846738
Malcolm Brogdon,PG,30,BOS,57,0,25.6,5.2,10.6,0.486,2.0,4.4,0.455,3.2,6.2,0.508,0.581,2.3,2.6,0.878,0.6,3.6,4.2,3.7,0.6,0.3,1.6,1.6,14.6,22600000,22600000
Dillon Brooks,SF,27,MEM,60,60,30.4,5.4,13.9,0.387,1.8,5.9,0.313,3.5,8.0,0.442,0.453,1.7,2.2,0.791,0.6,2.7,3.3,2.5,0.9,0.2,1.4,3.3,14.3,11400000,11400000
Bruce Brown,SG,26,DEN,67,28,28.3,4.3,9.1,0.479,1.3,3.4,0.371,3.1,5.6,0.545,0.549,1.1,1.5,0.74,0.7,3.3,4.0,3.4,1.0,0.6,1.6,2.4,11.1,6479000,6479000
Greg Brown,PF,21,POR,16,0,5.8,0.7,1.8,0.393,0.1,0.4,0.143,0.6,1.3,0.476,0.411,0.3,0.8,0.417,0.1,1.1,1.2,0.2,0.3,0.3,0.4,0.8,1.8,1563518,1563518
Jaylen Brown,SF,26,BOS,56,56,36.1,9.9,20.3,0.486,2.4,7.3,0.331,7.5,13.0,0.573,0.546,4.2,5.4,0.774,1.2,5.7,6.9,3.4,1.2,0.4,3.0,2.7,26.3,28741071,28741071
Kendall Brown,SG,19,IND,6,0,6.7,0.7,1.2,0.571,0.0,0.2,0.0,0.7,1.0,0.667,0.571,0.2,0.3,0.5,0.3,0.7,1.0,0.5,0.7,0.0,0.3,1.5,1.5,508891,508891
Moses Brown,C,23,LAC,34,1,8.5,1.8,2.8,0.635,0.0,0.0,,1.8,2.8,0.635,0.635,1.0,2.1,0.458,1.7,2.4,4.1,0.1,0.1,0.4,0.4,1.1,4.6,605405,605405
Sterling Brown,SG,27,LAL,4,0,6.0,0.0,1.0,0.0,0.0,0.5,0.0,0.0,0.5,0.0,0.0,0.0,0.0,,0.8,1.3,2.0,0.5,0.8,0.0,0.0,1.0,0.0,3122602,3122602
Troy Brown,SF,23,LAL,62,38,24.7,2.7,6.2,0.429,1.3,3.7,0.364,1.3,2.6,0.522,0.536,0.5,0.6,0.914,0.9,3.3,4.2,1.2,0.8,0.2,0.7,1.6,7.2,1968175,1968175
Jalen Brunson,PG,26,NYK,62,62,34.9,8.5,17.4,0.487,1.9,4.7,0.414,6.5,12.7,0.514,0.543,4.9,5.9,0.833,0.6,3.0,3.6,6.1,0.9,0.2,2.0,2.2,23.8,27733332,27733332
Thomas Bryant,C,25,TOT,52,25,19.4,4.2,6.6,0.636,0.5,1.0,0.453,3.7,5.5,0.67,0.672,1.8,2.4,0.736,1.5,4.6,6.2,0.6,0.3,0.5,0.7,1.8,10.6,1968175,1968175
Reggie Bullock,SF,31,DAL,65,42,30.3,2.4,6.0,0.399,1.9,5.1,0.374,0.5,1.0,0.532,0.556,0.4,0.5,0.686,0.5,3.0,3.5,1.4,0.8,0.2,0.5,2.3,7.1,10012800,10012800
Alec Burks,SG,31,DET,51,8,22.0,3.9,9.0,0.436,1.9,4.7,0.414,2.0,4.3,0.459,0.544,3.0,3.7,0.814,0.4,2.7,3.1,2.2,0.7,0.2,1.1,1.9,12.8,10012800,10012800
Deonte Burton,SG,29,SAC,2,0,3.0,0.0,1.0,0.0,0.0,0.5,0.0,0.0,0.5,0.0,0.0,0.0,0.0,,0.0,0.0,0.0,0.0,0.0,0.0,0.0,0.0,0.0,105522,105522
Jared Butler,SG,22,OKC,2,0,9.5,1.0,2.0,0.5,0.5,1.0,0.5,0.5,1.0,0.5,0.625,0.0,0.0,,0.0,0.5,0.5,2.0,1.5,0.0,1.0,1.5,2.5,1674655,1674655
Jimmy Butler,SF,33,MIA,54,54,33.4,7.4,14.0,0.528,0.6,1.7,0.333,6.9,12.4,0.555,0.548,7.2,8.4,0.851,2.3,3.7,6.0,5.1,1.9,0.3,1.7,1.3,22.6,37653300,37653300
John Butler,C,20,POR,9,0,3.3,0.1,0.6,0.2,0.0,0.4,0.0,0.1,0.1,1.0,0.2,0.0,0.0,,0.1,0.1,0.2,0.1,0.1,0.3,0.0,0.2,0.2,503041,503041
Jamal Cain,SF,23,MIA,15,0,12.4,1.7,3.3,0.52,0.1,0.8,0.167,1.6,2.5,0.632,0.54,0.8,1.1,0.75,0.8,1.8,2.6,0.6,0.5,0.0,0.3,1.0,4.4,508891,508891
Kentavious Caldwell-Pope,SG,29,DEN,65,65,31.7,4.0,8.4,0.475,1.9,4.2,0.438,2.1,4.1,0.513,0.586,1.4,1.6,0.84,0.5,2.3,2.8,2.5,1.5,0.5,1.2,2.0,11.2,14004703,14004703
Facundo Campazzo,PG,31,DAL,8,0,6.5,0.4,1.6,0.231,0.4,1.4,0.273,0.0,0.3,0.0,0.346,0.1,0.3,0.5,0.0,0.3,0.3,1.1,0.8,0.0,0.4,0.4,1.3,464299,464299
Vlatko Cancar,PF,25,DEN,49,8,16.3,2.1,4.2,0.49,0.9,2.1,0.4,1.2,2.1,0.583,0.591,0.6,0.7,0.938,0.4,1.9,2.3,1.5,0.4,0.2,0.7,1.6,5.6,2234359,2234359
Clint Capela,C,28,ATL,52,50,26.8,5.4,8.6,0.636,0.0,0.0,0.0,5.4,8.5,0.637,0.636,1.1,1.9,0.592,4.2,6.9,11.1,0.9,0.7,1.2,0.8,2.2,12.0,18706896,18706896
Vernon Carey,C,21,WAS,11,0,2.5,0.2,0.7,0.25,0.0,0.0,,0.2,0.7,0.25,0.25,0.2,0.2,1.0,0.3,0.7,1.0,0.3,0.2,0.2,0.2,0.5,0.5,1782621,1782621
Jevon Carter,PG,27,MIL,67,34,22.5,3.0,6.9,0.432,1.7,4.0,0.421,1.3,2.9,0.446,0.553,0.4,0.5,0.806,0.4,2.2,2.6,2.5,0.9,0.4,1.0,2.0,8.0,6025000,6025000
Wendell Carter,C,23,ORL,45,42,29.9,5.6,10.8,0.524,1.2,3.6,0.341,4.4,7.1,0.617,0.581,2.8,3.8,0.74,2.2,6.6,8.8,2.4,0.4,0.6,2.2,2.9,15.3,14150000,14150000
Alex Caruso,PG,28,CHI,57,26,24.1,1.9,4.4,0.44,0.8,2.3,0.357,1.1,2.1,0.529,0.532,1.0,1.2,0.812,0.6,2.5,3.1,3.1,1.6,0.6,1.3,2.5,5.6,9030000,9030000
Julian Champagnie,SF,21,TOT,4,0,7.8,1.3,2.8,0.455,0.8,2.0,0.375,0.5,0.8,0.667,0.591,0.0,0.0,,0.3,1.0,1.3,0.3,0.3,0.0,0.0,0.3,3.3,508891,508891
Justin Champagnie,SF,21,TOR,3,0,3.7,1.0,1.0,1.0,0.0,0.0,,1.0,1.0,1.0,1.0,0.0,0.0,,0.3,1.0,1.3,0.3,0.0,0.0,0.0,0.3,2.0,825000,825000
Kennedy Chandler,PG,20,MEM,28,0,8.3,1.0,2.4,0.397,0.1,0.5,0.143,0.9,1.9,0.463,0.412,0.2,0.4,0.455,0.3,0.9,1.1,1.7,0.4,0.2,0.6,0.5,2.2,1200000,1200000
Max Christie,SG,19,LAL,37,3,13.7,1.2,2.8,0.419,0.7,1.7,0.419,0.5,1.2,0.419,0.543,0.4,0.4,0.875,0.2,1.8,2.0,0.5,0.2,0.2,0.4,0.9,3.5,1017781,1017781
Josh Christopher,SG,21,HOU,49,1,11.5,2.1,4.6,0.458,0.3,1.3,0.27,1.8,3.3,0.53,0.496,0.7,0.9,0.75,0.3,0.9,1.1,1.0,0.4,0.2,0.9,0.9,5.3,2372160,2372160
Brandon Clarke,PF,26,MEM,56,8,19.5,4.1,6.2,0.656,0.0,0.1,0.167,4.1,6.1,0.665,0.658,1.8,2.4,0.723,1.6,3.9,5.5,1.3,0.6,0.7,1.0,2.3,10.0,4343919,4343919
Jordan Clarkson,SG,30,UTA,61,61,32.6,7.5,16.9,0.444,2.5,7.5,0.338,5.0,9.4,0.53,0.519,3.3,4.0,0.816,1.2,2.9,4.0,4.4,0.5,0.2,3.0,2.0,20.8,13340000,13340000
Amir Coffey,SG,25,LAC,44,9,13.5,1.2,3.2,0.383,0.2,0.9,0.263,1.0,2.3,0.427,0.418,1.0,1.3,0.789,0.4,0.8,1.2,1.2,0.2,0.1,0.4,1.1,3.7,3395062,3395062
John Collins,PF,25,ATL,58,58,30.2,5.0,9.9,0.507,0.8,3.2,0.253,4.2,6.7,0.629,0.548,1.9,2.4,0.819,1.0,5.6,6.6,1.2,0.6,1.1,1.2,3.2,12.8,23500000,23500000
Zach Collins,C,25,SAS,55,18,21.9,4.1,7.9,0.515,0.7,2.0,0.369,3.3,5.9,0.564,0.562,1.6,2.2,0.756,1.8,4.4,6.2,2.7,0.5,0.7,1.9,3.2,10.6,7350000,7350000
Mike Conley,PG,35,TOT,53,52,30.0,3.5,8.8,0.403,1.8,5.0,0.361,1.7,3.8,0.46,0.506,1.8,2.2,0.826,0.5,2.1,2.6,7.2,1.1,0.2,1.6,2.0,10.7,22680000,22680000
Pat Connaughton,SG,30,MIL,49,29,24.6,2.8,7.3,0.383,1.9,5.6,0.341,0.9,1.7,0.524,0.514,0.5,0.7,0.657,0.8,4.1,4.9,1.3,0.7,0.1,0.6,1.1,8.0,5728393,5728393
Robert Covington,PF,32,LAC,38,0,16.4,2.0,4.8,0.415,1.0,3.0,0.342,1.0,1.8,0.536,0.522,0.7,0.9,0.735,0.7,3.0,3.6,1.2,0.7,0.8,0.6,1.9,5.7,12307692,12307692
Torrey Craig,SF,32,PHO,64,51,25.3,2.9,6.4,0.446,1.3,3.2,0.393,1.6,3.2,0.5,0.545,0.5,0.6,0.707,2.0,3.7,5.6,1.5,0.7,0.6,1.0,2.3,7.4,5121951,5121951
Jae Crowder,SF,32,MIL,9,0,18.0,1.9,4.1,0.459,1.1,3.0,0.37,0.8,1.1,0.7,0.595,0.8,1.0,0.778,1.0,3.1,4.1,1.3,0.6,0.4,0.4,1.6,5.7,10183800,10183800
Jarrett Culver,SG,23,ATL,10,1,13.7,1.7,4.3,0.395,0.1,1.2,0.083,1.6,3.1,0.516,0.407,0.9,1.3,0.692,1.0,2.8,3.8,0.6,0.6,0.2,0.7,1.4,4.4,260295,260295
Cade Cunningham,PG,21,DET,12,12,33.3,7.8,18.7,0.415,1.4,5.1,0.279,6.3,13.6,0.466,0.453,3.0,3.6,0.837,1.0,5.2,6.2,6.0,0.8,0.6,3.3,2.8,19.9,10552800,10552800
Seth Curry,SG,32,BRK,50,7,21.4,3.7,8.0,0.462,1.6,4.1,0.395,2.1,3.9,0.534,0.564,0.9,0.9,0.979,0.3,1.6,1.8,1.8,0.7,0.1,0.9,1.7,9.9,8496653,8496653
Stephen Curry,PG,34,GSW,42,42,34.7,9.9,20.0,0.496,5.0,11.5,0.433,4.9,8.5,0.583,0.621,4.9,5.3,0.924,0.6,5.6,6.2,6.3,1.0,0.4,3.3,2.2,29.8,48070014,48070014
Dyson Daniels,PG,19,NOP,46,11,19.3,1.6,3.8,0.425,0.5,1.6,0.306,1.1,2.2,0.51,0.489,0.5,0.8,0.629,0.6,2.7,3.4,2.5,0.8,0.2,1.0,1.8,4.2,5508600,5508600
Anthony Davis,C,29,LAL,43,41,33.5,9.7,17.3,0.56,0.4,1.5,0.262,9.3,15.8,0.588,0.571,6.1,7.6,0.801,3.3,9.1,12.5,2.6,1.0,2.1,2.3,2.7,25.9,37980720,37980720
Johnny Davis,SG,20,WAS,14,0,4.9,0.4,1.3,0.333,0.1,0.3,0.25,0.4,1.0,0.357,0.361,0.2,0.2,1.0,0.1,0.5,0.6,0.2,0.1,0.1,0.1,1.1,1.1,4810320,4810320
Terence Davis,SG,25,SAC,52,4,13.3,2.4,5.5,0.436,1.3,3.6,0.369,1.1,1.9,0.56,0.556,0.6,0.7,0.886,0.3,1.9,2.3,1.1,0.7,0.2,0.8,1.7,6.7,4000000,4000000
JD Davison,PG,20,BOS,7,0,2.6,0.4,1.6,0.273,0.0,0.4,0.0,0.4,1.1,0.375,0.273,0.0,0.0,,0.1,0.6,0.7,0.4,0.3,0.0,0.1,0.3,0.9,508891,508891
Darius Days,PF,23,HOU,4,0,6.3,1.3,3.0,0.417,0.8,2.5,0.3,0.5,0.5,1.0,0.542,0.5,0.5,1.0,0.3,1.3,1.5,0.3,0.0,0.3,0.0,0.5,3.8,508891,508891
Dewayne Dedmon,C,33,TOT,31,0,11.5,2.1,4.2,0.504,0.4,1.2,0.297,1.8,3.0,0.585,0.546,1.0,1.4,0.727,0.9,2.6,3.5,0.5,0.2,0.5,0.6,2.0,5.6,8283688,8283688
Matthew Dellavedova,PG,32,SAC,27,0,6.6,0.5,1.5,0.317,0.3,0.8,0.318,0.2,0.7,0.316,0.402,0.1,0.3,0.571,0.0,0.4,0.4,1.3,0.2,0.0,0.4,0.6,1.4,2628597,2628597
DeMar DeRozan,SF,33,CHI,61,61,36.2,9.0,17.8,0.509,0.5,1.6,0.316,8.5,16.2,0.528,0.523,6.3,7.3,0.868,0.5,4.1,4.6,5.1,1.0,0.5,2.2,2.7,25.0,27300000,27300000
Moussa Diabate,PF,21,LAC,18,1,9.6,1.2,2.2,0.525,0.1,0.1,0.5,1.1,2.1,0.526,0.538,0.6,0.9,0.625,1.6,0.9,2.5,0.2,0.3,0.3,0.5,0.7,2.9,508891,508891
Mamadi Diakite,PF,26,CLE,16,2,6.1,0.7,1.6,0.423,0.3,0.9,0.267,0.4,0.7,0.636,0.5,0.0,0.0,,0.2,0.6,0.8,0.1,0.1,0.4,0.4,0.8,1.6,508891,508891
Hamidou Diallo,SG,24,DET,56,0,17.8,3.8,6.7,0.573,0.1,0.4,0.238,3.8,6.3,0.593,0.58,1.6,2.6,0.588,1.0,2.4,3.5,1.0,0.9,0.3,1.3,2.2,9.3,5200000,5200000
Gorgui Dieng,C,33,SAS,22,1,9.7,1.2,3.0,0.388,0.5,2.1,0.261,0.6,1.0,0.667,0.478,0.2,0.3,0.833,0.9,1.7,2.6,1.4,0.1,0.4,0.8,1.4,3.1,4105236,4105236
Ousmane Dieng,SF,19,OKC,25,0,16.4,2.2,5.1,0.438,0.8,2.8,0.304,1.4,2.4,0.593,0.52,0.4,0.7,0.588,0.5,2.6,3.2,1.2,0.4,0.2,0.6,1.2,5.7,4569840,4569840
Spencer Dinwiddie,PG,29,TOT,66,66,34.3,6.0,13.4,0.447,2.5,6.4,0.384,3.5,6.9,0.507,0.54,3.4,4.1,0.824,0.4,2.9,3.3,5.7,0.8,0.3,1.8,2.4,17.8,19500000,19500000
Donte DiVincenzo,SG,26,GSW,58,23,26.4,3.2,7.5,0.428,2.2,5.3,0.408,1.1,2.2,0.473,0.571,0.7,0.9,0.843,1.1,3.4,4.5,3.4,1.3,0.2,1.4,1.9,9.3,4500000,4500000
Luka Doncic,PG,23,DAL,57,57,36.3,11.0,22.1,0.5,2.8,7.9,0.349,8.3,14.1,0.586,0.563,8.1,11.0,0.736,0.8,7.8,8.6,8.0,1.5,0.5,3.7,2.6,33.0,37096500,37096500
Tyler Dorsey,SG,26,DAL,3,0,2.7,1.3,1.7,0.8,0.3,0.7,0.5,1.0,1.0,1.0,0.9,0.0,0.0,,0.3,0.3,0.7,0.0,0.0,0.0,0.0,0.0,3.0,201802,201802
Luguentz Dort,SG,23,OKC,61,60,30.2,4.7,11.8,0.396,1.8,5.4,0.335,2.8,6.3,0.448,0.474,2.7,3.5,0.775,1.5,2.7,4.2,2.2,1.0,0.3,1.3,3.2,13.8,15277778,15277778
Ayo Dosunmu,SG,23,CHI,65,49,27.1,3.7,7.4,0.499,0.8,2.4,0.318,2.9,5.0,0.587,0.551,0.9,1.1,0.811,0.6,2.3,3.0,2.6,0.7,0.3,1.3,2.5,9.0,1563518,1563518
Devon Dotson,PG,23,WAS,6,0,8.8,0.2,1.7,0.1,0.2,0.7,0.25,0.0,1.0,0.0,0.15,0.0,0.0,,1.0,0.7,1.7,1.3,0.8,0.0,0.5,1.5,0.5,169630,169630
Jeff Dowtin,PG,25,TOR,18,0,8.8,1.1,2.4,0.442,0.2,0.6,0.273,0.9,1.8,0.5,0.477,0.2,0.2,0.75,0.3,0.6,0.9,0.9,0.2,0.1,0.3,0.6,2.4,508891,508891
PJ Dozier,SG,26,SAC,8,0,1.8,0.3,0.8,0.333,0.1,0.5,0.25,0.1,0.3,0.5,0.417,0.0,0.0,,0.0,0.4,0.4,0.0,0.4,0.0,0.0,0.1,0.6,784654,784654
Goran Dragic,PG,36,CHI,51,0,15.4,2.5,5.9,0.425,0.9,2.5,0.352,1.6,3.4,0.48,0.5,0.5,0.8,0.659,0.3,1.1,1.4,2.7,0.2,0.1,1.1,1.2,6.4,3523762,3523762
Andre Drummond,C,29,CHI,54,0,12.9,2.6,4.2,0.618,0.0,0.0,0.0,2.6,4.2,0.624,0.618,1.0,1.9,0.54,2.1,4.6,6.7,0.6,0.6,0.3,1.2,1.9,6.2,3200000,3200000
Chris Duarte,SF,25,IND,44,11,19.7,2.7,7.3,0.368,1.2,3.8,0.314,1.5,3.5,0.429,0.45,1.3,1.6,0.843,0.4,2.2,2.6,1.4,0.5,0.2,0.9,1.5,8.0,3936960,3936960
David Duke,SG,23,BRK,18,0,9.6,1.6,3.4,0.459,0.1,0.4,0.125,1.5,2.9,0.509,0.467,0.3,0.5,0.556,0.4,0.7,1.1,0.9,0.4,0.1,0.8,1.5,3.4,508891,508891
Kris Dunn,PG,28,UTA,8,0,22.4,5.0,9.5,0.526,0.9,2.4,0.368,4.1,7.1,0.579,0.572,1.0,1.3,0.8,0.8,3.9,4.6,4.4,1.8,0.6,1.5,2.9,11.9,264182,264182
Kevin Durant,PF-SF,34,TOT,42,42,35.7,10.5,18.5,0.566,1.9,4.8,0.386,8.6,13.7,0.629,0.616,6.7,7.2,0.931,0.4,6.4,6.8,5.2,0.8,1.5,3.4,2.3,29.5,44119845,44119845
Jalen Duren,C,19,DET,54,27,24.9,3.6,5.7,0.637,0.0,0.0,0.0,3.6,5.6,0.639,0.637,1.4,2.3,0.626,3.4,5.4,8.8,1.1,0.6,0.9,1.2,2.7,8.6,4124280,4124280
Tari Eason,PF,21,HOU,67,3,20.4,3.6,7.8,0.457,0.7,2.0,0.376,2.8,5.8,0.485,0.505,1.3,1.8,0.748,2.3,3.5,5.8,1.0,1.1,0.6,1.2,2.3,9.2,3359160,3359160
Anthony Edwards,SG,21,MIN,68,68,36.4,9.0,19.6,0.459,2.7,7.4,0.368,6.3,12.2,0.514,0.528,4.1,5.3,0.774,0.6,5.3,5.9,4.4,1.7,0.7,3.4,2.5,24.8,10733400,10733400
Kessler Edwards,SF,22,TOT,19,1,7.0,0.6,1.9,0.306,0.3,1.0,0.263,0.3,0.9,0.353,0.375,0.2,0.2,0.75,0.4,0.9,1.4,0.3,0.3,0.1,0.3,0.5,1.6,1637966,1637966
Keon Ellis,SG,23,SAC,10,0,3.6,0.6,1.0,0.6,0.5,0.8,0.625,0.1,0.2,0.5,0.85,0.2,0.3,0.667,0.3,0.4,0.7,0.3,0.2,0.1,0.1,0.6,1.9,508891,508891
Joel Embiid,C,28,PHI,54,54,35.0,11.1,20.5,0.539,1.1,3.0,0.354,10.0,17.5,0.571,0.565,10.2,11.9,0.854,1.8,8.2,10.0,4.1,1.1,1.6,3.4,3.2,33.4,33616770,33616770
Drew Eubanks,C,25,POR,66,20,19.7,2.5,3.7,0.683,0.0,0.1,0.429,2.5,3.6,0.691,0.689,1.0,1.6,0.66,1.6,3.5,5.1,1.2,0.5,1.2,0.8,2.2,6.1,1968175,1968175
Bruno Fernando,C,24,TOT,33,4,11.2,1.5,2.9,0.521,0.0,0.0,0.0,1.5,2.9,0.526,0.521,0.9,1.3,0.682,1.5,2.3,3.8,0.9,0.2,0.9,0.7,2.1,3.9,2717391,2717391
Dorian Finney-Smith,PF,29,TOT,54,54,31.4,3.1,7.7,0.399,1.8,5.3,0.339,1.3,2.4,0.531,0.516,0.7,0.9,0.74,1.6,3.1,4.8,1.5,0.9,0.5,0.9,2.1,8.6,12939848,12939848
Dorian Finney-Smith,PG,34,DEN,34,0,9.4,1.3,3.0,0.436,0.1,0.2,0.333,1.2,2.8,0.442,0.446,0.0,0.1,0.5,0.1,1.2,1.3,2.2,0.2,0.2,1.1,0.8,2.7,12939848,12939848
Malachi Flynn,PG,24,TOR,43,1,13.7,1.7,4.7,0.37,1.0,2.6,0.378,0.7,2.1,0.36,0.475,0.4,0.6,0.708,0.3,1.2,1.5,1.5,0.4,0.1,0.4,1.3,4.8,2145720,2145720
Simone Fontecchio,SF,27,UTA,39,1,11.6,1.5,4.3,0.355,0.9,2.8,0.312,0.7,1.5,0.433,0.456,0.6,0.8,0.781,0.5,0.7,1.3,0.7,0.3,0.2,0.6,1.0,4.6,3205128,3205128
Bryn Forbes,SG,29,MIN,25,0,10.7,1.2,3.3,0.361,0.6,1.8,0.304,0.6,1.5,0.432,0.446,0.6,0.6,1.0,0.2,0.4,0.6,0.7,0.3,0.1,0.5,0.9,3.6,2298385,2298385
Trent Forrest,PG,24,ATL,18,3,13.3,1.3,2.8,0.48,0.0,0.1,0.0,1.3,2.7,0.5,0.48,0.1,0.2,0.667,0.3,1.3,1.6,1.7,0.3,0.1,0.6,0.9,2.8,508891,508891
Michael Foster,PF,20,PHI,1,0,1.0,0.0,0.0,,0.0,0.0,,0.0,0.0,,,0.0,0.0,,0.0,0.0,0.0,0.0,0.0,0.0,0.0,0.0,0.0,106288,106288
Evan Fournier,SG,30,NYK,23,7,18.0,2.3,6.6,0.351,1.4,4.4,0.324,0.9,2.1,0.408,0.46,0.8,0.9,0.857,0.2,1.8,2.0,1.5,0.6,0.1,0.8,1.9,6.8,18000000,18000000
De'Aaron Fox,PG,25,SAC,59,59,34.1,9.5,18.5,0.512,1.5,4.7,0.325,7.9,13.7,0.577,0.554,4.9,6.3,0.781,0.5,3.7,4.2,6.3,1.2,0.3,2.6,2.5,25.4,30351780,30351780
Markelle Fultz,PG,24,ORL,47,47,29.8,5.6,11.0,0.508,0.4,1.4,0.308,5.2,9.6,0.536,0.527,2.0,2.5,0.793,1.3,2.8,4.0,5.5,1.5,0.4,2.4,2.1,13.6,16500000,16500000
Wenyen Gabriel,PF,25,LAL,54,2,14.8,2.4,4.0,0.614,0.2,0.6,0.3,2.3,3.4,0.665,0.635,0.7,1.2,0.619,1.5,2.3,3.9,0.5,0.3,0.5,0.7,2.1,5.8,1878720,1878720
Daniel Gafford,C,24,WAS,66,35,19.8,3.5,4.7,0.749,0.0,0.0,,3.5,4.7,0.749,0.749,1.5,2.4,0.647,2.0,3.4,5.4,1.0,0.4,1.2,1.0,2.2,8.6,1930681,1930681
Darius Garland,PG,23,CLE,59,59,35.3,7.6,16.2,0.47,2.6,6.2,0.423,5.0,10.0,0.498,0.551,4.2,4.9,0.856,0.4,2.3,2.7,7.9,1.3,0.1,2.9,2.2,22.1,8920794,8920794
Usman Garuba,PF,20,HOU,60,1,13.2,1.2,2.3,0.529,0.4,0.6,0.553,0.9,1.7,0.52,0.604,0.4,0.7,0.595,1.6,2.7,4.3,0.9,0.7,0.4,0.6,1.7,3.2,2471160,2471160
Luka Garza,C,24,MIN,24,0,8.9,2.3,4.3,0.534,0.5,1.5,0.361,1.8,2.8,0.627,0.597,1.7,2.1,0.8,1.2,1.2,2.4,0.6,0.1,0.1,0.5,1.5,6.8,508891,508891
Rudy Gay,PF,36,UTA,52,0,14.5,1.9,5.0,0.376,0.5,2.2,0.228,1.4,2.8,0.493,0.426,0.7,0.8,0.864,0.6,2.4,3.0,1.0,0.3,0.3,0.7,1.3,5.0,6184500,6184500
Paul George,SG,32,LAC,52,52,34.5,8.1,17.7,0.459,2.9,7.7,0.373,5.3,10.0,0.525,0.54,4.6,5.2,0.881,0.8,5.4,6.2,5.2,1.4,0.3,3.2,2.8,23.7,42492492,42492492
Taj Gibson,C,37,WAS,42,2,9.7,1.3,2.5,0.528,0.1,0.5,0.211,1.2,2.1,0.598,0.547,0.6,0.9,0.667,0.7,1.3,2.0,0.7,0.3,0.2,0.5,1.8,3.3,2905851,2905851
Josh Giddey,SG,20,OKC,63,63,30.8,7.0,14.4,0.485,0.9,2.9,0.322,6.0,11.5,0.526,0.518,1.3,1.8,0.757,2.0,5.8,7.8,6.2,0.8,0.4,2.9,2.0,16.2,6287400,6287400
Shai Gilgeous-Alexander,PG,24,OKC,57,57,35.6,10.3,20.3,0.509,0.9,2.6,0.342,9.4,17.7,0.533,0.531,9.7,10.7,0.908,0.9,3.9,4.8,5.6,1.7,1.1,2.9,2.7,31.2,30913750,30913750
Anthony Gill,PF,30,WAS,45,5,10.1,1.2,2.0,0.582,0.1,0.5,0.143,1.1,1.6,0.714,0.599,0.8,1.0,0.791,0.6,0.9,1.5,0.5,0.1,0.2,0.2,1.2,3.2,1836090,1836090
Rudy Gobert,C,30,MIN,56,56,30.5,5.3,7.8,0.674,0.0,0.1,0.0,5.3,7.8,0.679,0.674,3.1,4.8,0.652,3.2,8.4,11.6,1.0,0.8,1.4,1.7,3.0,13.7,38172414,38172414
Jordan Goodwin,PG,24,WAS,48,4,17.4,2.3,5.0,0.45,0.6,1.6,0.36,1.7,3.4,0.491,0.506,0.8,1.0,0.755,0.9,2.3,3.2,2.5,0.9,0.5,0.9,1.6,5.8,1280206,1280206
Aaron Gordon,PF,27,DEN,56,56,30.1,6.4,11.1,0.58,1.0,2.6,0.372,5.4,8.5,0.643,0.624,3.0,4.8,0.628,2.4,4.3,6.8,2.9,0.8,0.8,1.5,1.9,16.8,19690909,19690909
Eric Gordon,SG,34,TOT,57,49,29.3,4.3,9.7,0.44,1.8,5.1,0.353,2.5,4.6,0.536,0.532,2.2,2.7,0.808,0.2,1.8,2.0,2.8,0.6,0.4,1.6,1.1,12.6,19568360,19568360
Devonte Graham,PG,27,TOT,64,4,17.5,2.1,5.7,0.377,1.6,4.5,0.358,0.5,1.2,0.453,0.519,1.2,1.5,0.778,0.3,1.3,1.6,2.5,0.6,0.2,0.7,1.0,7.1,11550000,11550000
Jerami Grant,PF,28,POR,63,63,35.7,6.9,14.5,0.475,2.3,5.7,0.401,4.6,8.8,0.523,0.554,4.4,5.4,0.813,0.8,3.7,4.5,2.4,0.8,0.8,1.8,2.4,20.5,20955000,20955000
AJ Green,SG,23,MIL,30,0,9.7,1.6,3.6,0.444,1.3,3.0,0.433,0.3,0.6,0.5,0.625,0.1,0.1,1.0,0.2,1.0,1.2,0.6,0.2,0.0,0.3,1.0,4.6,508891,508891
Danny Green,SG,35,TOT,7,0,11.4,1.1,3.0,0.381,1.1,2.4,0.471,0.0,0.6,0.0,0.571,0.1,0.1,1.0,0.1,0.6,0.7,0.3,0.4,0.1,0.9,1.3,3.6,11710528,11710528
Draymond Green,PF,32,GSW,60,60,31.4,3.4,6.4,0.523,0.6,1.8,0.324,2.8,4.6,0.601,0.569,1.1,1.6,0.705,0.9,6.5,7.4,6.9,1.0,0.8,2.6,3.0,8.4,25806468,25806468
Jalen Green,SG,20,HOU,61,61,33.6,7.3,17.8,0.414,2.5,7.5,0.337,4.8,10.3,0.47,0.485,4.5,5.7,0.78,0.5,3.3,3.8,3.6,0.7,0.3,2.8,1.7,21.7,9441840,9441840
JaMychal Green,PF,32,GSW,48,1,14.3,2.4,4.6,0.527,0.8,2.1,0.382,1.6,2.5,0.65,0.615,0.9,1.2,0.737,1.3,2.5,3.7,0.9,0.4,0.4,1.0,1.9,6.6,8200000,8200000
Javonte Green,SG,29,CHI,28,1,16.0,2.2,3.7,0.587,0.5,1.2,0.382,1.7,2.5,0.686,0.649,1.0,1.5,0.674,0.9,2.0,2.9,0.8,0.8,0.7,0.7,1.7,5.9,1815677,1815677
Jeff Green,PF,36,DEN,44,3,19.3,3.0,6.0,0.498,0.5,1.7,0.267,2.5,4.3,0.59,0.536,1.4,2.0,0.721,0.7,1.9,2.6,1.1,0.4,0.3,0.9,1.8,7.8,4500000,4500000
Josh Green,SG,22,DAL,48,15,25.1,3.3,6.2,0.532,1.2,2.9,0.413,2.1,3.3,0.635,0.628,1.3,1.8,0.714,0.9,2.0,2.9,1.6,0.8,0.1,1.1,2.6,9.0,3098400,3098400
AJ Griffin,SF,19,ATL,60,11,19.7,3.5,7.4,0.467,1.4,3.6,0.381,2.1,3.8,0.551,0.561,0.5,0.6,0.882,0.5,1.6,2.0,1.0,0.7,0.1,0.6,1.2,8.8,3536160,3536160
Blake Griffin,C,33,BOS,30,13,14.4,1.8,3.5,0.505,0.6,1.7,0.365,1.1,1.8,0.642,0.595,0.5,0.8,0.625,0.9,2.6,3.5,1.3,0.4,0.2,0.5,2.0,4.7,2905851,2905851
Quentin Grimes,SG,22,NYK,59,54,29.4,3.5,7.8,0.448,1.8,5.2,0.354,1.7,2.6,0.636,0.566,1.1,1.3,0.797,0.7,2.5,3.2,1.9,0.6,0.4,1.0,2.5,9.9,2277000,2277000
Rui Hachimura,PF,24,TOT,50,8,24.3,4.7,9.8,0.483,0.9,2.7,0.328,3.9,7.1,0.541,0.527,1.5,2.1,0.74,0.9,3.7,4.6,1.0,0.3,0.4,0.9,1.1,11.9,6263188,6263188
Tyrese Haliburton,PG,22,IND,54,54,33.7,7.4,15.1,0.488,2.9,7.3,0.403,4.4,7.8,0.567,0.585,3.1,3.6,0.87,0.6,3.1,3.7,10.4,1.6,0.4,2.5,1.2,20.8,4215120,4215120
Jordan Hall,SF,21,SAS,9,0,9.2,1.0,3.1,0.321,0.3,1.7,0.2,0.7,1.4,0.462,0.375,0.8,1.0,0.778,0.3,1.0,1.3,1.2,0.1,0.0,0.8,0.7,3.1,193027,193027
RJ Hampton,PG,21,TOT,34,0,14.4,1.9,4.5,0.434,0.7,2.1,0.347,1.2,2.4,0.513,0.516,1.2,1.6,0.792,0.4,1.2,1.6,1.2,0.7,0.1,0.9,0.9,5.9,2898243,2898243
Tim Hardaway Jr,SG,30,DAL,62,39,30.3,4.8,12.1,0.395,3.0,7.9,0.383,1.7,4.2,0.419,0.521,1.8,2.3,0.759,0.3,3.2,3.6,1.8,0.7,0.2,0.8,1.6,14.4,19602273,19602273
James Harden,PG,33,PHI,50,50,36.8,6.6,14.6,0.45,2.9,7.3,0.398,3.6,7.2,0.503,0.55,5.7,6.6,0.872,0.6,5.6,6.2,10.8,1.1,0.5,3.4,1.9,21.8,33000000,33000000
Jaden Hardy,SG,20,DAL,34,1,12.5,2.4,5.6,0.434,0.9,2.5,0.353,1.5,3.1,0.5,0.513,1.3,1.6,0.83,0.1,1.2,1.3,0.9,0.3,0.1,0.9,1.2,7.0,1017781,1017781
Ron Harper Jr,SF,22,TOR,4,0,3.5,1.0,1.8,0.571,0.5,1.0,0.5,0.5,0.8,0.667,0.714,0.0,0.0,,0.3,0.3,0.5,0.0,0.0,0.0,0.0,0.0,2.5,508891,508891
Montrezl Harrell,C,29,PHI,51,7,12.3,2.2,3.6,0.602,0.0,0.0,0.0,2.2,3.6,0.609,0.602,1.2,1.7,0.694,1.2,1.6,2.7,0.6,0.3,0.5,0.6,1.5,5.5,2463490,2463490
Gary Harris,SG,28,ORL,37,31,24.9,3.0,6.5,0.459,1.9,4.5,0.43,1.1,2.1,0.519,0.605,0.7,0.8,0.893,0.5,1.7,2.2,1.2,1.0,0.2,0.6,2.0,8.6,13000000,13000000
Joe Harris,SG,31,BRK,61,33,22.0,2.9,6.2,0.459,2.0,4.6,0.428,0.9,1.7,0.544,0.615,0.2,0.4,0.625,0.3,2.0,2.3,1.4,0.5,0.2,0.6,2.2,7.9,18642857,18642857
Kevon Harris,SG,25,ORL,27,0,12.4,1.2,2.9,0.416,0.4,1.0,0.393,0.8,1.8,0.429,0.487,0.8,1.0,0.815,0.9,1.1,2.0,0.4,0.5,0.1,0.6,1.3,3.6,508891,508891
Tobias Harris,PF,30,PHI,62,62,33.1,5.8,11.8,0.493,1.7,4.5,0.379,4.1,7.3,0.563,0.565,1.5,1.7,0.874,0.9,4.9,5.8,2.5,1.0,0.5,1.2,2.0,14.8,37633050,37633050
Josh Hart,SF-SG,27,TOT,64,51,32.7,3.6,6.9,0.523,0.8,2.2,0.362,2.8,4.7,0.598,0.58,1.8,2.4,0.734,1.9,6.0,7.9,3.8,1.1,0.2,1.6,2.7,9.8,12960000,12960000
Isaiah Hartenstein,C,24,NYK,70,7,19.5,2.1,4.0,0.518,0.1,0.5,0.229,2.0,3.5,0.559,0.532,0.6,0.8,0.741,2.7,3.8,6.6,0.9,0.6,0.8,0.8,2.6,4.9,7804879,7804879
Udonis Haslem,C,42,MIA,6,1,7.7,0.2,2.0,0.083,0.0,0.3,0.0,0.2,1.7,0.1,0.083,0.2,0.3,0.5,0.7,0.7,1.3,0.0,0.2,0.2,0.0,1.3,0.5,2905851,2905851
Sam Hauser,PF,25,BOS,66,4,15.8,2.2,4.8,0.459,1.7,4.0,0.423,0.5,0.7,0.653,0.637,0.2,0.3,0.706,0.4,2.1,2.5,0.7,0.3,0.3,0.3,1.3,6.2,1637966,1637966
Jaxson Hayes,C,22,NOP,41,2,14.2,2.0,3.6,0.565,0.1,0.7,0.111,2.0,2.9,0.667,0.575,1.4,2.0,0.699,0.9,2.2,3.0,0.8,0.5,0.5,0.7,1.6,5.5,6803012,6803012
Killian Hayes,PG,21,DET,62,42,26.9,3.7,10.2,0.368,1.1,3.8,0.292,2.6,6.4,0.413,0.422,0.9,1.1,0.783,0.3,2.5,2.8,6.0,1.4,0.4,2.1,2.9,9.5,5837760,5837760
Gordon Hayward,SF,32,CHO,44,44,31.8,5.5,11.7,0.468,1.1,3.3,0.326,4.4,8.4,0.523,0.514,2.5,3.1,0.801,0.7,3.6,4.4,4.0,0.9,0.3,2.0,1.5,14.5,30075000,30075000
Juan Hernangomez,PF,27,TOR,42,10,14.6,1.1,2.7,0.421,0.4,1.6,0.254,0.7,1.1,0.66,0.496,0.2,0.4,0.563,0.6,2.3,2.9,0.6,0.4,0.1,0.4,1.0,2.9,2298385,2298385
Willy Hernangomez,C,28,NOP,34,2,13.0,2.4,4.7,0.522,0.1,0.3,0.2,2.4,4.4,0.544,0.528,2.4,3.0,0.786,1.7,3.4,5.0,0.9,0.4,0.4,1.1,1.8,7.3,2443581,2443581
Tyler Herro,SG,23,MIA,55,55,35.3,7.3,17.0,0.433,3.1,8.1,0.38,4.3,8.9,0.482,0.524,2.5,2.7,0.921,0.5,5.2,5.7,4.3,0.8,0.3,2.5,1.6,20.3,5722116,5722116
Buddy Hield,SF,30,IND,68,68,31.8,6.1,13.3,0.458,3.7,8.7,0.428,2.4,4.6,0.514,0.598,1.3,1.6,0.833,0.9,4.1,5.0,2.7,1.2,0.3,1.8,2.0,17.3,21177750,21177750
Haywood Highsmith,SF,26,MIA,45,9,19.0,1.8,4.2,0.426,0.8,2.2,0.356,1.0,2.0,0.506,0.521,0.2,0.5,0.458,1.0,2.6,3.6,0.7,0.7,0.3,0.8,1.6,4.6,1752638,1752638
George Hill,PG,36,TOT,38,1,18.7,1.7,3.7,0.457,0.6,2.0,0.312,1.1,1.7,0.635,0.543,0.9,1.2,0.739,0.4,1.5,1.9,2.5,0.6,0.1,0.8,1.2,4.9,4000000,4000000
Malcolm Hill,SF,27,CHI,5,0,1.8,0.4,0.8,0.5,0.2,0.6,0.333,0.2,0.2,1.0,0.625,0.0,0.0,,0.0,0.6,0.6,0.0,0.0,0.0,0.0,0.2,1.0,508891,508891
Aaron Holiday,PG,26,ATL,53,5,13.8,1.5,3.6,0.418,0.6,1.4,0.413,0.9,2.2,0.421,0.5,0.5,0.5,0.857,0.4,0.8,1.2,1.2,0.5,0.2,0.6,1.3,4.0,1968175,1968175
Jrue Holiday,PG,32,MIL,55,53,33.0,7.5,15.8,0.473,2.5,6.4,0.384,5.0,9.3,0.534,0.551,2.3,2.7,0.863,1.1,4.0,5.1,7.3,1.2,0.4,2.9,1.8,19.7,33665040,33665040
Justin Holiday,SG,33,TOT,36,2,15.6,1.7,4.5,0.383,1.2,3.3,0.356,0.6,1.2,0.455,0.512,0.0,0.1,0.0,0.1,0.9,1.0,0.9,0.4,0.4,0.5,1.5,4.6,5987975,5987975
Richaun Holmes,C,29,SAC,35,1,8.7,1.3,2.0,0.681,0.1,0.1,0.75,1.3,1.9,0.677,0.703,0.4,0.5,0.824,0.7,1.3,2.0,0.1,0.1,0.3,0.4,1.3,3.2,11215260,11215260
Al Horford,C,36,BOS,53,53,31.0,3.7,7.6,0.484,2.3,5.0,0.457,1.4,2.6,0.536,0.633,0.3,0.4,0.737,1.2,5.1,6.3,2.8,0.5,0.9,0.6,2.0,9.9,26500000,26500000
Talen Horton-Tucker,SG,22,UTA,54,9,18.4,3.4,7.9,0.426,0.8,2.8,0.285,2.6,5.1,0.504,0.476,1.5,2.0,0.766,0.4,2.4,2.8,3.2,0.6,0.5,1.7,1.6,9.0,10260000,10260000
Danuel House,SF,29,PHI,43,2,14.2,1.5,3.1,0.481,0.7,1.9,0.346,0.9,1.3,0.685,0.585,0.7,1.0,0.714,0.2,1.5,1.7,0.7,0.2,0.2,0.4,1.2,4.4,4105000,4105000
Caleb Houstan,SF,20,ORL,39,2,15.4,1.4,3.4,0.398,0.9,2.4,0.379,0.4,1.0,0.447,0.534,0.3,0.3,0.846,0.7,1.4,2.1,0.5,0.2,0.1,0.3,1.4,3.9,2000000,2000000
Trevor Hudgins,PG,23,HOU,5,0,5.6,0.4,1.8,0.222,0.4,1.6,0.25,0.0,0.2,0.0,0.333,0.6,0.6,1.0,0.0,0.0,0.0,0.6,0.0,0.0,0.2,0.2,1.8,508891,508891
Kevin Huerter,SG,24,SAC,63,63,30.0,5.5,11.3,0.487,2.7,6.7,0.399,2.9,4.7,0.612,0.604,1.3,1.9,0.709,0.6,2.7,3.3,2.9,1.1,0.3,1.4,2.5,15.0,14508929,14508929
De'Andre Hunter,SF,25,ATL,58,58,31.9,5.7,12.2,0.467,1.6,4.3,0.361,4.1,7.9,0.525,0.531,2.7,3.3,0.827,0.6,3.6,4.2,1.4,0.5,0.3,1.3,3.0,15.7,9835881,9835881
Bones Hyland,PG,22,TOT,47,1,19.0,3.9,10.0,0.391,2.0,5.5,0.371,1.9,4.5,0.415,0.493,1.7,2.0,0.859,0.3,1.9,2.2,2.8,0.7,0.3,1.5,1.7,11.6,2201520,2201520
Serge Ibaka,C,33,MIL,16,0,11.6,1.6,3.4,0.481,0.4,1.1,0.333,1.3,2.3,0.556,0.537,0.5,0.8,0.615,0.9,1.8,2.8,0.3,0.1,0.4,0.7,1.4,4.1,2905851,2905851
Andre Iguodala,SF,39,GSW,7,0,13.9,0.7,1.7,0.417,0.1,1.1,0.125,0.6,0.6,1.0,0.458,0.0,0.0,,0.4,1.7,2.1,2.3,0.4,0.4,1.3,1.1,1.6,2905851,2905851
Joe Ingles,SF,35,MIL,34,0,22.9,2.4,5.6,0.429,1.7,4.4,0.393,0.7,1.2,0.561,0.584,0.4,0.5,0.824,0.3,2.8,3.1,3.1,0.7,0.1,1.2,1.7,7.0,6479000,6479000
Brandon Ingram,SF,25,NOP,31,31,32.7,8.4,17.8,0.47,1.5,3.9,0.393,6.8,13.8,0.492,0.514,4.7,5.4,0.868,0.4,4.6,5.0,4.8,0.7,0.4,3.2,2.7,22.9,31650600,31650600
Kyrie Irving,PG,30,TOT,51,51,37.1,9.9,20.2,0.491,3.3,8.5,0.382,6.7,11.7,0.571,0.572,4.1,4.6,0.897,1.0,4.1,5.1,5.6,1.1,0.7,2.3,2.8,27.2,38917057,38917057
Jonathan Isaac,PF,25,ORL,11,0,11.3,2.0,4.8,0.415,0.5,1.4,0.4,1.5,3.5,0.421,0.472,0.5,0.8,0.556,1.4,2.6,4.0,0.5,1.3,0.4,0.4,0.5,5.0,17400000,17400000
Jaden Ivey,SG,20,DET,62,61,30.2,5.2,12.6,0.415,1.4,4.3,0.331,3.8,8.3,0.459,0.472,3.5,4.8,0.732,1.0,2.9,3.9,4.9,0.9,0.3,3.0,3.1,15.4,7252200,7252200
Frank Jackson,PG,24,UTA,1,0,5.0,0.0,3.0,0.0,0.0,1.0,0.0,0.0,2.0,0.0,0.0,0.0,0.0,,1.0,1.0,2.0,1.0,0.0,0.0,0.0,0.0,0.0,113114,113114
Isaiah Jackson,C,21,IND,50,6,15.4,2.6,4.6,0.565,0.0,0.2,0.167,2.6,4.4,0.586,0.569,1.5,2.2,0.652,1.6,2.5,4.1,0.9,0.4,1.5,0.8,2.2,6.7,2573760,2573760
Jaren Jackson Jr,C,23,MEM,49,49,27.9,6.0,12.3,0.487,1.5,4.4,0.339,4.5,7.8,0.57,0.548,3.6,4.5,0.792,1.6,5.0,6.6,0.9,1.0,3.2,1.5,3.5,17.0,28946605,28946605
Justin Jackson,SF,27,BOS,23,0,4.7,0.3,1.2,0.259,0.2,0.9,0.25,0.1,0.3,0.286,0.352,0.0,0.1,0.5,0.1,0.7,0.7,0.4,0.2,0.2,0.1,0.3,0.9,1836090,1836090
Quenton Jackson,PG,24,WAS,3,0,2.7,0.7,1.0,0.667,0.3,0.7,0.5,0.3,0.3,1.0,0.833,0.0,0.0,,0.3,0.0,0.3,0.3,0.0,0.0,0.0,0.3,1.7,219630,219630
Reggie Jackson,PG,32,TOT,61,38,24.9,3.8,9.5,0.403,1.4,4.2,0.342,2.4,5.3,0.452,0.479,1.1,1.2,0.905,0.4,1.7,2.1,3.5,0.7,0.1,1.7,1.7,10.2,11457217,11457217
LeBron James,PF,38,LAL,47,47,36.1,11.3,22.6,0.501,2.1,6.9,0.308,9.2,15.7,0.587,0.549,4.8,6.3,0.759,1.2,7.2,8.4,6.9,0.9,0.6,3.1,1.7,29.5,44474988,44474988
Ty Jerome,SG,25,GSW,44,2,18.5,2.7,5.5,0.488,0.8,2.0,0.389,1.9,3.5,0.546,0.56,0.9,0.9,0.927,0.2,1.6,1.8,3.1,0.5,0.1,0.7,1.5,7.0,4728948,4728948
Isaiah Joe,SG,23,OKC,60,8,17.8,2.9,6.4,0.457,2.3,5.2,0.434,0.7,1.2,0.554,0.632,0.9,1.1,0.818,0.3,2.0,2.3,1.2,0.6,0.1,0.5,1.4,9.0,1836090,1836090
Alize Johnson,PF,26,SAS,4,0,7.5,0.8,1.5,0.5,0.0,0.5,0.0,0.8,1.0,0.75,0.5,0.3,0.5,0.5,0.5,2.0,2.5,0.3,0.3,0.0,1.0,0.8,1.8,192293,192293
Cameron Johnson,PF,26,TOT,29,28,27.1,5.1,11.2,0.455,2.6,6.4,0.401,2.5,4.8,0.529,0.571,2.3,2.8,0.805,0.7,3.4,4.1,1.6,1.1,0.3,0.7,1.9,15.1,5887899,5887899
Jalen Johnson,SF,21,ATL,63,6,14.5,2.1,4.3,0.483,0.4,1.4,0.295,1.7,2.9,0.574,0.531,0.7,1.0,0.656,0.7,3.2,3.9,1.0,0.5,0.4,0.5,1.5,5.2,2792640,2792640
James Johnson,PF,35,IND,13,1,9.2,1.1,2.7,0.4,0.2,0.9,0.25,0.8,1.8,0.478,0.443,0.2,0.3,0.75,0.2,1.5,1.6,0.8,0.3,0.5,0.4,2.0,2.6,3841067,3841067
Keldon Johnson,SF,23,SAS,57,57,32.6,7.8,17.3,0.448,2.1,6.4,0.323,5.7,10.9,0.522,0.508,4.0,5.2,0.77,0.8,4.0,4.9,2.9,0.7,0.2,2.2,1.9,21.6,3873024,3873024
Keon Johnson,SG,20,POR,35,0,9.6,1.5,4.1,0.354,0.6,1.9,0.333,0.8,2.2,0.372,0.431,0.5,0.8,0.607,0.3,0.8,1.1,1.1,0.4,0.2,1.0,1.1,4.0,2681040,2681040
Stanley Johnson,SF,26,SAS,30,0,15.6,2.2,4.1,0.533,0.6,1.3,0.45,1.6,2.7,0.573,0.607,0.9,1.3,0.667,0.7,2.4,3.2,2.2,0.5,0.2,1.1,1.6,5.8,4022164,4022164
Nikola Jokic,C,27,DEN,60,60,33.8,9.4,14.9,0.628,0.9,2.2,0.408,8.5,12.8,0.666,0.658,5.0,6.2,0.813,2.4,9.6,12.0,10.0,1.3,0.7,3.6,2.6,24.7,33047803,33047803
Carlik Jones,PG,25,CHI,2,0,11.5,0.5,2.5,0.2,0.0,0.5,0.0,0.5,2.0,0.25,0.2,0.5,2.0,0.25,0.5,1.0,1.5,1.0,0.0,0.0,0.5,0.5,1.5,612162,612162
Damian Jones,C,27,TOT,29,1,9.7,1.1,1.9,0.611,0.1,0.2,0.4,1.1,1.7,0.633,0.63,0.7,0.9,0.76,0.9,1.8,2.7,0.3,0.1,0.6,0.5,1.2,3.0,2298385,2298385
Derrick Jones,SF,25,CHI,51,0,14.0,1.8,3.5,0.511,0.4,1.1,0.327,1.4,2.4,0.595,0.563,1.1,1.3,0.794,1.0,1.5,2.4,0.6,0.4,0.6,0.4,1.4,4.9,3200000,3200000
Herb Jones,SF,24,NOP,52,52,29.0,3.5,7.6,0.453,0.8,2.5,0.295,2.7,5.1,0.532,0.503,1.8,2.4,0.748,1.4,2.7,4.0,2.4,1.6,0.7,1.3,3.2,9.5,1785000,1785000
Kai Jones,C,22,CHO,35,0,9.3,1.1,2.1,0.534,0.1,0.3,0.25,1.0,1.7,0.59,0.555,0.4,0.6,0.75,0.8,1.3,2.1,0.2,0.3,0.5,0.4,1.3,2.7,2909040,2909040
Tre Jones,PG,23,SAS,55,53,29.0,4.9,11.1,0.439,0.7,2.5,0.267,4.2,8.7,0.487,0.468,2.2,2.4,0.888,0.8,2.7,3.5,6.2,1.3,0.1,1.7,1.4,12.6,1782621,1782621
Tyus Jones,PG,26,MEM,66,13,23.3,3.8,8.7,0.435,1.5,4.0,0.378,2.3,4.7,0.482,0.521,1.1,1.3,0.824,0.3,1.9,2.3,4.8,1.1,0.1,0.9,0.4,10.1,15000000,15000000
DeAndre Jordan,C,34,DEN,35,5,14.3,2.1,2.8,0.773,0.0,0.0,1.0,2.1,2.7,0.771,0.778,0.5,1.2,0.439,1.2,3.6,4.8,0.9,0.2,0.6,1.2,1.9,4.8,10733758,10733758
Cory Joseph,PG,31,DET,49,2,17.3,2.0,4.7,0.418,0.7,2.1,0.337,1.3,2.6,0.484,0.494,0.8,1.0,0.784,0.2,1.2,1.5,3.3,0.5,0.1,0.8,1.4,5.5,5155500,5155500
Nikola Jovic,PF,19,MIA,15,8,13.6,1.9,4.6,0.406,0.5,2.3,0.229,1.3,2.3,0.588,0.464,1.2,1.3,0.947,0.6,1.5,2.1,0.7,0.5,0.1,0.7,1.3,5.5,2239920,2239920
Johnny Juzang,SF,21,UTA,6,0,11.5,1.7,4.8,0.345,1.2,3.5,0.333,0.5,1.3,0.375,0.466,0.0,0.3,0.0,0.3,0.7,1.0,0.2,0.3,0.5,0.3,1.3,4.5,508891,508891
Mfiondu Kabengele,PF,25,BOS,2,0,7.0,0.5,1.0,0.5,0.0,0.5,0.0,0.5,0.5,1.0,0.5,0.0,0.0,,1.5,1.0,2.5,0.0,0.0,0.0,0.5,1.5,1.0,508891,508891
Frank Kaminsky,C,29,TOT,32,0,6.6,0.8,1.7,0.491,0.4,0.9,0.4,0.5,0.8,0.6,0.6,0.4,0.5,0.875,0.1,1.3,1.4,0.9,0.2,0.1,0.3,0.7,2.5,2463490,2463490
Trevor Keels,SG,19,NYK,2,0,2.0,0.5,1.5,0.333,0.5,1.5,0.333,0.0,0.0,,0.5,0.0,0.0,,0.0,1.0,1.0,0.0,0.0,0.0,0.0,0.0,1.5,435774,435774
Luke Kennard,SG,26,TOT,45,11,20.9,2.7,5.8,0.456,1.8,3.8,0.457,0.9,2.0,0.456,0.606,0.6,0.6,0.964,0.2,2.2,2.4,1.2,0.5,0.1,0.8,1.4,7.7,13745455,13745455
Walker Kessler,C,21,UTA,64,30,22.3,3.8,5.2,0.721,0.0,0.0,0.5,3.7,5.2,0.722,0.722,1.1,2.0,0.543,3.1,5.2,8.3,0.8,0.4,2.3,0.8,2.3,8.6,2696400,2696400
Braxton Key,SF,25,DET,3,0,3.0,0.3,0.3,1.0,0.0,0.0,,0.3,0.3,1.0,1.0,0.7,0.7,1.0,0.0,0.3,0.3,0.0,0.0,0.0,0.0,0.0,1.3,201802,201802
Corey Kispert,SF,23,WAS,60,32,27.4,3.4,6.9,0.499,2.0,4.6,0.427,1.5,2.3,0.64,0.64,0.9,1.1,0.873,0.4,2.3,2.7,1.2,0.5,0.1,0.7,1.3,9.7,3552840,3552840
Maxi Kleber,C,31,DAL,26,0,25.4,2.3,4.7,0.496,1.1,3.0,0.372,1.2,1.7,0.711,0.614,0.5,0.8,0.591,0.8,3.0,3.8,1.2,0.3,0.9,0.5,2.3,6.3,9000000,9000000
Nathan Knight,PF,25,MIN,34,0,8.1,1.3,2.2,0.573,0.2,0.6,0.381,1.0,1.6,0.648,0.627,1.1,1.6,0.679,0.6,0.9,1.5,0.4,0.3,0.2,0.6,1.1,3.8,1836090,1836090
Kevin Knox,PF-SF,23,TOT,50,1,12.7,1.8,3.9,0.474,0.9,2.5,0.366,0.9,1.4,0.662,0.59,0.6,0.7,0.8,0.5,1.9,2.4,0.3,0.3,0.2,0.6,1.6,5.1,3000000,3000000
Christian Koloko,C,22,TOR,46,19,14.4,1.3,2.7,0.484,0.0,0.2,0.111,1.3,2.5,0.513,0.488,0.8,1.2,0.66,1.5,1.7,3.2,0.5,0.3,1.0,0.4,2.4,3.4,1500000,1500000
John Konchar,SG,26,MEM,58,22,21.5,2.1,4.7,0.44,1.0,2.6,0.366,1.1,2.1,0.533,0.542,0.4,0.5,0.839,0.8,3.6,4.4,1.4,1.0,0.3,0.5,1.6,5.6,2300000,2300000
Furkan Korkmaz,SG,25,PHI,27,0,9.8,1.3,3.1,0.422,0.5,1.4,0.351,0.8,1.7,0.478,0.5,0.7,1.1,0.667,0.2,0.9,1.1,0.7,0.2,0.1,0.7,0.4,3.8,5000000,5000000
Luke Kornet,C,27,BOS,56,0,11.4,1.6,2.3,0.685,0.1,0.2,0.333,1.5,2.1,0.712,0.697,0.5,0.6,0.806,1.3,1.5,2.8,0.7,0.2,0.7,0.4,1.3,3.7,2133278,2133278
Vit Krejci,PG,22,ATL,22,0,5.5,0.5,1.3,0.379,0.2,0.8,0.278,0.3,0.5,0.545,0.466,0.0,0.1,0.5,0.1,0.5,0.6,0.5,0.1,0.0,0.2,0.5,1.3,1563518,1563518
Jonathan Kuminga,PF,20,GSW,54,12,20.2,3.6,7.2,0.503,0.7,2.1,0.345,2.9,5.0,0.57,0.554,1.3,1.9,0.667,0.9,2.4,3.3,1.8,0.6,0.4,1.5,2.3,9.2,5739840,5739840
Kyle Kuzma,PF,27,WAS,62,62,35.2,8.0,17.9,0.447,2.5,7.5,0.332,5.5,10.4,0.53,0.517,2.7,3.7,0.727,0.9,6.4,7.3,3.8,0.5,0.5,3.0,2.2,21.2,13000000,13000000
Anthony Lamb,SF,25,GSW,50,3,20.1,2.5,5.3,0.475,1.3,3.5,0.379,1.2,1.8,0.659,0.6,0.7,0.9,0.733,0.9,2.5,3.4,1.7,0.5,0.3,0.9,2.3,7.0,508891,508891
Jock Landale,C,27,PHO,58,3,14.1,2.4,4.7,0.509,0.3,1.4,0.241,2.1,3.3,0.619,0.544,1.3,1.7,0.773,1.7,2.3,4.1,0.9,0.2,0.5,0.8,1.8,6.4,1563518,1563518
Romeo Langford,SG,23,SAS,34,19,20.1,3.0,6.2,0.483,0.4,1.4,0.265,2.6,4.8,0.549,0.514,0.7,1.1,0.641,1.4,1.4,2.8,1.3,0.5,0.4,0.7,1.7,7.1,5634257,5634257
Jake LaRavia,PF,21,MEM,32,0,12.1,1.1,2.8,0.393,0.7,2.0,0.338,0.4,0.8,0.542,0.517,0.2,0.3,0.778,0.5,1.3,1.9,0.7,0.4,0.1,0.6,1.5,3.1,3047640,3047640
Zach LaVine,SG,27,CHI,63,63,36.0,8.7,18.0,0.481,2.8,7.3,0.383,5.9,10.8,0.547,0.558,4.8,5.6,0.845,0.5,4.2,4.8,4.0,1.0,0.2,2.6,2.2,24.9,37096500,37096500
AJ Lawson,SG,22,TOT,13,0,4.8,1.0,2.0,0.5,0.5,1.2,0.438,0.5,0.8,0.6,0.635,0.1,0.2,0.333,0.2,0.6,0.8,0.1,0.1,0.0,0.1,0.6,2.6,371432,371432
Damion Lee,SG,30,PHO,67,5,21.0,2.8,6.2,0.445,1.5,3.5,0.444,1.2,2.7,0.446,0.569,1.4,1.5,0.902,0.5,2.6,3.1,1.4,0.4,0.1,1.1,1.6,8.4,2133278,2133278
Saben Lee,PG,23,TOT,22,0,13.7,1.7,4.0,0.42,0.3,0.9,0.35,1.4,3.1,0.441,0.46,1.6,2.1,0.766,0.5,1.2,1.7,2.5,0.7,0.0,1.0,1.2,5.3,2266640,2266640
Alex Len,C,29,SAC,16,1,3.1,0.3,0.6,0.5,0.0,0.1,0.0,0.3,0.6,0.556,0.5,0.2,0.3,0.75,0.3,0.7,0.9,0.3,0.0,0.0,0.4,0.6,0.8,3918600,3918600
Kawhi Leonard,SF,31,LAC,41,39,33.4,8.5,16.6,0.512,1.9,4.5,0.419,6.6,12.0,0.547,0.569,4.8,5.4,0.874,1.1,5.2,6.3,3.9,1.4,0.6,1.6,1.6,23.6,42492492,42492492
Meyers Leonard,C,30,MIL,5,0,6.8,0.8,2.0,0.4,0.8,1.8,0.444,0.0,0.2,0.0,0.6,0.4,0.4,1.0,0.4,1.6,2.0,0.0,0.2,0.0,0.4,1.2,2.8,303642,303642
Caris LeVert,SG,28,CLE,64,27,30.0,4.1,10.1,0.411,1.5,4.2,0.364,2.6,5.9,0.445,0.488,1.7,2.4,0.719,0.7,3.2,3.9,3.9,0.9,0.3,1.6,2.2,11.5,18796296,18796296
Kira Lewis,PG,21,NOP,20,0,10.9,1.9,4.2,0.446,0.7,1.5,0.433,1.2,2.7,0.453,0.524,0.9,1.0,0.85,0.3,1.4,1.6,0.9,0.5,0.1,0.5,1.2,5.2,4004280,4004280
Damian Lillard,PG,32,POR,54,54,36.3,9.6,20.7,0.466,4.2,11.3,0.373,5.4,9.4,0.578,0.568,8.6,9.4,0.919,0.7,3.9,4.7,7.3,0.9,0.3,3.2,1.9,32.1,42492492,42492492
Nassir Little,SF,22,POR,47,2,17.5,2.4,5.0,0.468,1.1,2.8,0.4,1.3,2.3,0.551,0.578,0.5,0.8,0.676,0.5,2.2,2.7,1.0,0.3,0.4,0.6,1.2,6.4,4171548,4171548
Isaiah Livers,PF,24,DET,45,15,22.4,2.2,5.4,0.415,1.4,3.9,0.36,0.8,1.5,0.561,0.546,0.5,0.7,0.767,0.5,2.0,2.5,0.8,0.6,0.6,0.6,1.9,6.4,1563518,1563518
Kenneth Lofton,PF,20,MEM,12,0,3.3,0.8,1.8,0.409,0.1,0.4,0.2,0.7,1.4,0.471,0.432,0.3,0.4,0.6,0.1,0.3,0.4,0.7,0.1,0.0,0.2,0.5,1.8,508891,508891
Kevon Looney,C,26,GSW,68,59,23.4,3.0,4.5,0.65,0.0,0.0,0.0,3.0,4.5,0.653,0.65,1.1,1.8,0.6,3.1,5.9,9.0,2.4,0.6,0.6,0.5,2.9,7.0,8000000,8000000
Brook Lopez,C,34,MIL,66,66,30.5,5.8,11.4,0.513,1.8,4.9,0.379,4.0,6.5,0.614,0.594,1.7,2.3,0.765,2.0,4.7,6.7,1.3,0.5,2.5,1.4,2.5,15.3,13906976,13906976
Robin Lopez,C,34,CLE,34,1,7.5,1.1,1.8,0.65,0.1,0.1,0.667,1.1,1.7,0.649,0.667,0.4,0.5,0.75,0.6,0.7,1.3,0.4,0.0,0.2,0.6,1.0,2.7,2905851,2905851
Kevin Love,PF,34,TOT,50,12,20.3,2.6,6.8,0.386,1.6,4.7,0.333,1.1,2.2,0.5,0.5,1.4,1.5,0.896,1.1,5.8,6.9,1.8,0.2,0.2,1.1,1.6,8.2,30556968,30556968
Kyle Lowry,PG,36,MIA,45,44,33.3,3.8,9.7,0.398,2.1,6.1,0.337,1.8,3.5,0.503,0.505,2.2,2.6,0.849,0.8,3.4,4.3,5.2,1.1,0.4,2.0,2.8,12.0,28333334,28333334
Trey Lyles,PF,27,SAC,60,0,16.6,2.7,5.5,0.489,1.2,3.1,0.378,1.5,2.3,0.64,0.598,1.5,1.8,0.806,0.9,3.0,3.9,0.9,0.4,0.5,0.9,1.3,8.0,2625000,2625000
Theo Maledon,PG,21,CHO,36,1,16.1,1.8,4.4,0.414,0.6,1.8,0.333,1.2,2.6,0.468,0.481,1.4,1.6,0.875,0.3,2.1,2.4,2.4,0.8,0.2,1.0,1.0,5.6,2408891,2408891
Sandro Mamukelashvili,C,23,TOT,28,0,10.0,1.0,2.8,0.354,0.4,1.5,0.279,0.6,1.3,0.444,0.43,0.6,1.0,0.667,0.8,1.8,2.6,0.6,0.2,0.2,0.5,1.1,3.1,758395,758395
Terance Mann,SG,26,LAC,68,35,23.4,3.5,6.6,0.527,0.9,2.4,0.388,2.5,4.2,0.608,0.598,1.1,1.4,0.777,1.0,2.6,3.6,2.3,0.5,0.3,1.0,1.9,9.0,1930681,1930681
Tre Mann,PG,21,OKC,58,4,18.2,3.0,7.7,0.388,1.3,4.1,0.315,1.7,3.7,0.467,0.47,0.6,0.9,0.74,0.4,1.9,2.3,1.7,0.6,0.2,0.9,1.5,7.9,3046200,3046200
Boban Marjanovic,C,34,HOU,24,0,4.8,1.3,1.9,0.689,0.0,0.0,0.0,1.3,1.8,0.705,0.689,0.8,1.0,0.75,0.5,1.2,1.7,0.2,0.2,0.0,0.3,0.2,3.3,4101478,4101478
Lauri Markkanen,SF,25,UTA,61,61,34.4,8.5,16.9,0.504,3.0,7.5,0.4,5.5,9.4,0.586,0.593,5.2,5.9,0.873,1.9,6.6,8.6,1.8,0.6,0.6,1.9,2.1,25.2,16475454,16475454
Naji Marshall,SF,25,NOP,63,21,24.9,3.3,7.7,0.432,1.0,3.1,0.313,2.4,4.7,0.512,0.495,1.8,2.3,0.788,0.7,3.1,3.8,2.6,0.7,0.2,1.3,1.5,9.5,1782621,1782621
Caleb Martin,PF,27,MIA,58,49,29.8,3.8,8.1,0.465,1.3,3.6,0.374,2.4,4.5,0.536,0.547,1.3,1.7,0.794,1.3,3.7,5.0,1.6,1.0,0.5,1.1,2.0,10.2,6479000,6479000
Cody Martin,SF,27,CHO,7,0,19.1,2.0,5.1,0.389,0.4,2.0,0.214,1.6,3.1,0.5,0.431,0.6,1.0,0.571,1.1,2.3,3.4,1.6,0.6,0.1,0.3,1.9,5.0,7000000,7000000
KJ Martin,SF,22,HOU,67,34,27.0,4.8,8.5,0.565,0.8,2.6,0.318,4.0,5.9,0.674,0.614,1.7,2.6,0.665,1.5,4.1,5.5,1.6,0.5,0.4,1.2,1.8,12.2,1782621,1782621
Tyrese Martin,SG,23,ATL,13,0,3.5,0.5,1.2,0.375,0.1,0.4,0.2,0.4,0.8,0.455,0.406,0.2,0.2,1.0,0.2,0.3,0.5,0.0,0.1,0.0,0.1,0.2,1.2,1017781,1017781
Garrison Mathews,SG,26,TOT,47,0,12.9,1.3,3.6,0.357,1.1,3.3,0.346,0.1,0.3,0.467,0.515,0.9,1.0,0.911,0.2,1.1,1.3,0.5,0.5,0.1,0.4,1.2,4.6,2000000,2000000
Bennedict Mathurin,SF,20,IND,67,6,27.8,5.3,12.4,0.428,1.3,4.2,0.315,4.0,8.2,0.485,0.481,4.8,5.8,0.826,1.1,2.9,4.0,1.4,0.6,0.1,1.8,2.0,16.6,6586800,6586800
Wesley Matthews,SG,36,MIL,39,0,15.6,1.0,3.0,0.331,0.8,2.4,0.326,0.2,0.6,0.348,0.462,0.4,0.5,0.85,0.8,1.5,2.2,0.5,0.4,0.3,0.4,1.4,3.2,2905851,2905851
Tyrese Maxey,SG,22,PHI,48,29,32.9,7.1,15.3,0.468,2.4,5.9,0.408,4.8,9.4,0.506,0.546,3.1,3.8,0.834,0.4,2.3,2.7,3.4,0.8,0.1,1.3,2.2,19.8,2726880,2726880
Miles McBride,PG,22,NYK,55,2,11.8,1.1,3.2,0.343,0.6,2.1,0.289,0.5,1.2,0.438,0.435,0.4,0.6,0.706,0.2,0.6,0.8,1.1,0.6,0.1,0.4,0.9,3.3,1563518,1563518
CJ McCollum,SG,31,NOP,61,61,35.0,7.9,18.2,0.436,2.8,7.4,0.385,5.1,10.8,0.47,0.514,2.5,3.2,0.795,0.8,3.6,4.4,5.9,0.9,0.5,2.7,2.0,21.2,33333333,33333333
TJ McConnell,PG,30,IND,64,6,19.8,3.4,6.4,0.527,0.3,0.7,0.447,3.1,5.7,0.537,0.552,0.7,0.8,0.852,0.6,2.4,3.0,5.0,1.1,0.1,1.8,1.3,7.8,8100000,8100000
Jaden McDaniels,PF,22,MIN,65,65,30.7,4.5,8.7,0.519,1.3,3.3,0.383,3.3,5.4,0.602,0.592,1.2,1.7,0.718,1.2,2.6,3.9,2.0,0.9,1.0,1.4,3.4,11.6,2161440,2161440
Jalen McDaniels,SF,25,TOT,69,22,24.7,3.6,8.0,0.453,1.0,3.1,0.319,2.6,4.9,0.537,0.515,1.6,1.9,0.837,0.8,3.8,4.6,1.7,1.0,0.4,1.3,2.8,9.8,1930681,1930681
Doug McDermott,SF,31,SAS,57,0,20.6,3.7,8.0,0.463,1.9,4.5,0.417,1.8,3.5,0.52,0.579,0.7,0.9,0.741,0.3,1.8,2.2,1.5,0.2,0.1,0.9,1.8,10.0,13750000,13750000
JaVale McGee,C,35,DAL,36,7,8.1,1.8,2.9,0.604,0.0,0.1,0.25,1.8,2.8,0.618,0.608,0.5,0.9,0.563,0.8,1.8,2.6,0.3,0.1,0.6,0.9,1.2,4.1,5461219,5461219
Bryce McGowens,SG,20,CHO,34,1,14.7,1.2,3.4,0.36,0.4,1.3,0.326,0.8,2.1,0.38,0.421,0.8,1.1,0.75,0.4,1.4,1.8,0.8,0.2,0.1,0.6,0.8,3.6,1461055,1461055
Rodney McGruder,SG,31,DET,27,7,13.1,1.3,3.3,0.398,0.9,2.3,0.393,0.4,1.0,0.407,0.534,0.5,0.6,0.765,0.4,1.1,1.6,0.7,0.3,0.0,0.3,0.9,4.0,2298385,2298385
Jordan McLaughlin,PG,26,MIN,31,0,15.3,1.4,3.4,0.419,0.5,1.8,0.246,1.0,1.5,0.625,0.486,0.3,0.3,0.9,0.5,1.1,1.5,2.9,0.8,0.1,0.7,0.5,3.6,2160000,2160000
De'Anthony Melton,PG,24,PHI,64,51,28.0,3.6,8.5,0.429,2.1,5.3,0.404,1.5,3.2,0.471,0.554,0.9,1.1,0.8,0.9,3.3,4.1,2.7,1.6,0.5,1.3,2.5,10.3,8250000,8250000
Sam Merrill,SG,26,CLE,1,0,4.0,1.0,2.0,0.5,0.0,1.0,0.0,1.0,1.0,1.0,0.5,0.0,0.0,,0.0,0.0,0.0,0.0,0.0,0.0,0.0,0.0,2.0,255522,255522
Chimezie Metu,C,25,SAC,53,0,11.1,2.1,3.4,0.611,0.2,0.6,0.25,1.9,2.8,0.689,0.633,0.7,0.9,0.76,0.8,2.4,3.1,0.7,0.4,0.3,0.5,1.3,5.0,1910860,1910860
Khris Middleton,SF,31,MIL,24,10,23.0,4.9,11.7,0.416,1.4,4.6,0.309,3.5,7.1,0.485,0.477,2.7,3.0,0.889,0.9,3.3,4.2,4.5,0.8,0.1,2.2,2.3,13.8,37984276,37984276
Shake Milton,SG,26,PHI,63,9,20.2,3.2,6.6,0.492,0.8,2.0,0.39,2.5,4.6,0.534,0.55,1.3,1.5,0.832,0.5,2.1,2.5,2.8,0.3,0.1,1.2,1.5,8.5,1997718,1997718
Josh Minott,SF,20,MIN,12,0,6.2,1.2,2.3,0.5,0.1,0.4,0.2,1.1,1.9,0.565,0.518,0.5,0.5,1.0,0.4,1.4,1.8,0.3,0.3,0.5,0.0,0.6,2.9,1017781,1017781
Davion Mitchell,PG,24,SAC,65,7,18.1,2.3,5.0,0.468,0.8,2.4,0.34,1.5,2.6,0.586,0.549,0.3,0.4,0.786,0.2,1.1,1.3,2.2,0.5,0.2,0.8,1.4,5.8,4833600,4833600
Donovan Mitchell,SG,26,CLE,59,59,35.6,9.7,20.3,0.478,3.6,9.4,0.383,6.1,10.9,0.561,0.567,4.5,5.2,0.875,0.9,3.2,4.1,4.7,1.5,0.4,2.7,2.5,27.6,30913750,30913750
Evan Mobley,PF,21,CLE,68,68,34.2,6.5,11.9,0.548,0.3,1.4,0.213,6.2,10.5,0.592,0.56,2.6,3.9,0.682,2.3,6.6,8.9,2.7,0.8,1.4,2.0,2.9,16.0,8478720,8478720
Isaiah Mobley,PF,23,CLE,9,0,2.9,0.4,0.9,0.5,0.1,0.2,0.5,0.3,0.7,0.5,0.563,0.0,0.0,,0.1,1.1,1.2,0.0,0.1,0.0,0.0,0.2,1.0,508891,508891
Chima Moneke,SF,27,SAC,2,0,4.0,0.5,1.0,0.5,0.0,0.0,,0.5,1.0,0.5,0.5,0.0,1.0,0.0,1.0,0.0,1.0,0.5,0.0,0.0,1.0,1.0,1.0,500000,500000
Malik Monk,SG,24,SAC,63,0,22.5,4.7,10.4,0.455,1.8,5.0,0.349,3.0,5.3,0.555,0.54,2.5,2.8,0.898,0.5,2.1,2.6,3.9,0.6,0.2,2.0,1.6,13.7,9472219,9472219
Moses Moody,SG,20,GSW,51,3,13.2,1.6,3.6,0.435,0.8,2.3,0.333,0.8,1.4,0.609,0.54,0.6,0.9,0.727,0.5,1.2,1.6,0.8,0.3,0.1,0.6,0.8,4.6,3740160,3740160
Wendell Moore,SG,21,MIN,25,2,5.8,0.6,1.6,0.41,0.1,0.7,0.118,0.6,0.9,0.636,0.436,0.2,0.2,0.8,0.1,0.6,0.6,0.7,0.3,0.2,0.3,0.5,1.5,2306520,2306520
Ja Morant,PG,23,MEM,53,53,32.5,9.6,20.6,0.463,1.6,5.1,0.316,8.0,15.6,0.512,0.502,6.4,8.5,0.744,1.1,4.8,6.0,8.2,1.1,0.2,3.4,1.7,27.1,12119440,12119440
Marcus Morris,PF,33,LAC,59,59,28.4,4.4,10.2,0.43,1.8,4.9,0.375,2.5,5.2,0.482,0.521,1.1,1.4,0.786,0.4,3.6,4.1,1.8,0.6,0.4,0.9,2.1,11.7,16372093,16372093
Markieff Morris,PF,33,TOT,31,1,9.8,1.1,2.8,0.402,0.7,1.7,0.407,0.4,1.1,0.394,0.529,0.3,0.3,1.0,0.4,1.6,2.0,0.8,0.3,0.2,0.5,1.2,3.3,2905851,2905851
Monte Morris,PG,27,WAS,54,53,27.8,3.9,8.2,0.481,1.3,3.3,0.401,2.6,4.9,0.534,0.561,1.0,1.3,0.812,0.4,3.0,3.4,5.2,0.7,0.2,1.0,1.4,10.2,9125000,9125000
Trey Murphy,SF,22,NOP,65,51,29.7,4.6,9.5,0.478,2.3,5.8,0.397,2.2,3.7,0.606,0.599,1.9,2.1,0.91,0.8,2.9,3.7,1.4,1.0,0.5,0.8,2.0,13.3,3206520,3206520
Dejounte Murray,SG,26,ATL,63,63,36.4,8.4,18.0,0.465,2.0,5.5,0.358,6.4,12.5,0.512,0.52,2.1,2.4,0.844,0.7,4.7,5.4,6.0,1.5,0.3,2.2,1.4,20.8,16571120,16571120
Jamal Murray,PG,25,DEN,54,54,32.7,7.3,16.3,0.45,2.6,6.6,0.387,4.8,9.6,0.493,0.528,2.9,3.5,0.825,0.8,3.2,4.0,5.9,1.1,0.2,2.1,1.4,20.1,31650600,31650600
Keegan Murray,SF,22,SAC,64,62,29.5,4.2,9.5,0.446,2.4,6.0,0.406,1.8,3.5,0.513,0.573,0.8,1.1,0.794,1.1,3.4,4.5,1.2,0.8,0.5,0.8,1.9,11.7,8008440,8008440
Mike Muscala,C,31,TOT,52,7,14.9,2.1,4.8,0.435,1.3,3.4,0.384,0.8,1.4,0.563,0.573,0.6,0.8,0.78,0.5,2.6,3.1,0.8,0.3,0.4,0.4,1.6,6.1,3500000,3500000
Sviatoslav Mykhailiuk,SF,25,TOT,20,0,6.7,1.0,2.1,0.452,0.6,1.2,0.522,0.4,1.0,0.368,0.595,0.3,0.5,0.5,0.1,0.6,0.7,0.4,0.1,0.0,0.3,0.3,2.8,3846895,3846895
Larry Nance Jr,PF,30,NOP,51,1,22.0,3.2,5.2,0.617,0.3,0.7,0.342,2.9,4.4,0.664,0.642,0.9,1.4,0.676,1.8,4.1,5.8,1.9,0.9,0.7,0.7,2.1,7.6,9672727,9672727
Andrew Nembhard,SG,23,IND,61,49,26.8,3.2,7.6,0.42,1.2,3.5,0.335,2.0,4.1,0.494,0.498,0.6,0.7,0.833,0.5,2.2,2.7,4.0,1.0,0.2,1.6,2.4,8.1,2244111,2244111
Aaron Nesmith,SF,23,IND,59,47,24.5,3.3,7.9,0.414,1.4,4.2,0.344,1.8,3.7,0.493,0.505,1.6,1.8,0.853,0.8,2.9,3.7,1.2,0.7,0.4,0.9,3.3,9.6,3804360,3804360
Raul Neto,PG,30,CLE,42,1,10.2,1.1,2.1,0.511,0.3,0.9,0.324,0.8,1.3,0.642,0.578,0.5,0.6,0.92,0.2,0.8,1.0,1.4,0.4,0.1,0.3,0.9,3.0,2463490,2463490
Georges Niang,PF,29,PHI,64,0,19.3,2.9,6.5,0.449,2.1,5.0,0.412,0.9,1.5,0.573,0.607,0.5,0.5,0.857,0.3,2.1,2.4,1.1,0.4,0.2,0.7,1.9,8.4,3465000,3465000
Daishen Nix,PG,20,HOU,47,7,16.7,1.6,4.3,0.358,0.8,2.5,0.305,0.8,1.8,0.43,0.446,0.5,0.7,0.676,0.3,1.5,1.8,2.6,0.6,0.1,1.5,1.1,4.4,1563518,1563518
Zeke Nnaji,PF,22,DEN,44,5,13.3,2.0,3.5,0.572,0.3,1.0,0.289,1.7,2.4,0.692,0.615,0.8,1.2,0.667,1.3,1.0,2.3,0.3,0.3,0.4,0.5,1.8,5.1,2617800,2617800
Nerlens Noel,C,28,TOT,17,4,11.5,0.8,2.1,0.361,0.1,0.1,0.5,0.7,2.0,0.353,0.375,0.5,0.7,0.667,0.6,2.1,2.7,0.6,0.9,0.6,0.8,1.9,2.1,9391069,9391069
Jaylen Nowell,SG,23,MIN,62,2,19.5,4.3,9.7,0.446,1.1,3.6,0.293,3.2,6.0,0.537,0.501,1.2,1.6,0.784,0.5,2.1,2.6,2.0,0.6,0.1,1.0,1.5,10.9,1930681,1930681
Frank Ntilikina,PG,24,DAL,41,3,11.8,0.8,2.4,0.34,0.3,1.3,0.208,0.6,1.1,0.489,0.395,0.4,0.6,0.667,0.1,1.1,1.3,1.1,0.3,0.1,0.6,1.3,2.3,2036318,2036318
Kendrick Nunn,SG-PG,27,TOT,58,2,13.8,2.6,6.1,0.419,1.0,3.0,0.337,1.6,3.1,0.497,0.501,0.4,0.5,0.839,0.2,1.3,1.5,1.2,0.3,0.1,0.9,0.9,6.6,5250000,5250000
Jusuf Nurkic,C,28,POR,48,48,26.7,5.0,9.6,0.517,0.8,2.2,0.364,4.2,7.4,0.563,0.56,2.5,3.7,0.663,2.2,7.0,9.1,2.9,0.9,0.8,2.4,3.6,13.2,15625000,15625000
Jordan Nwora,SF,24,TOT,48,5,16.6,2.5,6.0,0.417,1.1,3.0,0.385,1.4,3.0,0.448,0.512,1.0,1.2,0.807,0.8,2.4,3.2,1.2,0.4,0.2,0.9,1.0,7.1,3000000,3000000
Royce O'Neale,SF,29,BRK,64,52,32.5,3.1,7.9,0.387,2.2,5.5,0.395,0.9,2.4,0.368,0.524,0.7,0.9,0.737,0.8,4.3,5.0,3.7,0.9,0.7,1.5,3.1,9.0,9200000,9200000
Chuma Okeke,SF,24,ORL,22,7,18.8,1.5,4.2,0.366,0.9,3.0,0.308,0.6,1.3,0.5,0.473,0.7,1.0,0.762,1.0,2.6,3.5,1.2,0.5,0.4,0.5,1.6,4.7,3433320,3433320
Josh Okogie,SG,24,PHO,57,11,16.8,2.2,5.4,0.41,0.9,2.5,0.338,1.4,2.9,0.473,0.489,1.7,2.3,0.727,1.5,1.8,3.3,1.2,0.8,0.4,0.9,1.5,7.0,1968175,1968175
Onyeka Okongwu,C,22,ATL,66,17,23.5,3.8,6.0,0.627,0.0,0.1,0.286,3.8,5.9,0.633,0.629,1.6,2.2,0.738,2.6,4.6,7.1,1.0,0.7,1.2,1.0,3.3,9.2,6395160,6395160
Isaac Okoro,SF,22,CLE,70,40,21.5,2.3,4.7,0.495,0.8,2.3,0.35,1.5,2.4,0.632,0.58,1.1,1.4,0.758,0.7,1.8,2.5,1.2,0.7,0.4,0.6,2.0,6.6,7040880,7040880
KZ Okpala,PF,23,SAC,35,3,7.1,0.5,1.1,0.421,0.2,0.6,0.333,0.3,0.5,0.529,0.513,0.2,0.2,0.875,0.2,0.8,1.0,0.4,0.2,0.2,0.2,1.1,1.3,1902133,1902133
Victor Oladipo,SG,30,MIA,36,1,27.2,3.7,9.5,0.386,1.5,4.8,0.306,2.2,4.7,0.467,0.463,1.5,2.0,0.761,0.4,2.9,3.3,3.5,1.4,0.3,2.0,2.4,10.3,8750000,8750000
Kelly Olynyk,C,31,UTA,56,56,28.3,4.0,8.0,0.499,1.4,3.5,0.4,2.6,4.5,0.575,0.586,2.8,3.3,0.839,1.2,4.3,5.6,3.3,0.9,0.6,2.3,3.5,12.1,12804878,12804878
Eugene Omoruyi,SF,25,TOT,28,2,13.0,2.1,4.4,0.468,0.4,1.4,0.282,1.7,3.0,0.553,0.512,1.0,1.4,0.692,1.1,1.3,2.3,0.5,0.6,0.0,0.7,2.1,5.5,649538,649538
Cedi Osman,SF,27,CLE,65,0,20.4,3.1,6.9,0.449,1.4,4.0,0.35,1.7,3.0,0.58,0.549,0.9,1.4,0.667,0.3,1.9,2.2,1.5,0.5,0.1,0.7,1.5,8.5,7426088,7426088
Kelly Oubre,SF,27,CHO,44,36,32.7,7.4,17.3,0.427,2.4,7.3,0.326,5.0,10.1,0.5,0.495,3.2,4.2,0.77,1.5,3.9,5.3,1.1,1.4,0.4,1.3,3.0,20.4,12600000,12600000
Chris Paul,PG,37,PHO,46,46,32.1,4.8,11.0,0.431,1.6,4.4,0.373,3.1,6.7,0.469,0.505,2.4,3.0,0.818,0.3,3.9,4.3,9.1,1.6,0.4,2.0,2.2,13.6,28400000,28400000
Cameron Payne,PG,28,PHO,35,14,21.9,4.2,10.1,0.411,1.6,4.3,0.362,2.6,5.8,0.448,0.489,1.1,1.5,0.736,0.3,2.0,2.3,4.8,0.8,0.2,2.0,2.0,11.0,6000000,6000000
Gary Payton II,PG,30,POR,15,1,17.0,1.6,2.7,0.585,0.6,1.1,0.529,1.0,1.6,0.625,0.695,0.3,0.3,1.0,0.7,1.9,2.6,1.5,1.1,0.1,0.8,1.9,4.1,8300000,8300000
Theo Pinson,SG,27,DAL,35,0,6.9,0.6,1.7,0.333,0.4,1.2,0.349,0.1,0.5,0.294,0.458,0.3,0.3,0.818,0.2,0.9,1.1,0.8,0.1,0.0,0.3,0.7,1.8,1968175,1968175
Scottie Pippen Jr,PG,22,LAL,6,0,5.3,0.7,2.0,0.333,0.2,0.5,0.333,0.5,1.5,0.333,0.375,0.8,1.5,0.556,0.3,0.3,0.7,0.3,0.3,0.2,0.3,0.5,2.3,508891,508891
Mason Plumlee,C,32,TOT,66,60,27.5,4.5,6.6,0.676,0.0,0.0,,4.5,6.6,0.676,0.676,2.8,4.5,0.63,3.1,6.4,9.5,3.4,0.6,0.6,1.6,2.8,11.7,9080417,9080417
Jakob Poeltl,C,27,TOT,58,57,26.6,5.5,8.6,0.633,0.0,0.0,0.0,5.5,8.6,0.634,0.633,1.7,2.9,0.594,3.3,5.8,9.1,2.9,1.0,1.2,1.9,2.7,12.7,9398148,9398148
Aleksej Pokusevski,PF,21,OKC,31,25,21.8,3.5,7.8,0.44,1.2,3.3,0.376,2.2,4.6,0.486,0.519,0.7,1.1,0.636,1.5,3.6,5.1,2.0,0.6,1.3,1.3,1.8,8.8,3261480,3261480
Jordan Poole,PG,23,GSW,68,42,30.7,6.8,16.0,0.426,2.6,7.9,0.327,4.2,8.1,0.525,0.507,4.3,5.0,0.872,0.4,2.4,2.8,4.6,0.8,0.2,3.2,2.6,20.6,3901399,3901399
Kevin Porter,PG,22,HOU,45,45,33.5,6.4,14.9,0.432,2.2,6.2,0.348,4.3,8.7,0.492,0.504,3.4,4.5,0.766,1.4,4.1,5.4,5.7,1.3,0.4,3.4,2.7,18.5,3217631,3217631
Michael Porter,SF,24,DEN,51,51,28.9,6.3,12.8,0.491,2.9,7.1,0.412,3.4,5.7,0.589,0.605,1.6,1.9,0.808,1.0,4.4,5.3,1.0,0.6,0.5,1.1,2.1,17.1,30913750,30913750
Otto Porter,SF,29,TOR,8,2,18.3,1.9,3.8,0.5,0.8,2.1,0.353,1.1,1.6,0.692,0.6,1.0,1.0,1.0,0.8,1.6,2.4,1.0,1.4,0.0,0.5,0.9,5.5,6000000,6000000
Bobby Portis,PF,27,MIL,56,18,26.1,5.8,11.5,0.502,1.2,3.4,0.349,4.6,8.0,0.567,0.554,1.3,1.6,0.828,2.4,7.4,9.8,1.7,0.4,0.2,1.3,1.7,14.0,10843350,10843350
Kristaps Porzingis,C,27,WAS,58,58,32.8,7.6,15.5,0.492,2.1,5.5,0.384,5.5,10.0,0.551,0.56,5.6,6.6,0.842,1.9,6.6,8.5,2.6,0.8,1.5,2.2,3.2,22.9,33833400,33833400
Micah Potter,PF,24,UTA,3,0,4.7,0.7,0.7,1.0,0.0,0.0,,0.7,0.7,1.0,1.0,0.0,0.0,,0.3,0.7,1.0,0.7,0.0,0.0,0.0,0.7,1.3,508891,508891
Dwight Powell,C,31,DAL,63,51,19.9,2.6,3.6,0.723,0.0,0.0,0.0,2.6,3.5,0.733,0.723,1.6,2.4,0.685,2.0,2.3,4.3,0.9,0.7,0.4,0.9,2.8,6.8,11080125,11080125
Norman Powell,SG,29,LAC,54,7,25.8,5.5,11.7,0.475,2.0,4.9,0.41,3.5,6.7,0.522,0.561,3.6,4.4,0.803,0.4,2.6,2.9,1.8,0.8,0.3,1.6,2.0,16.6,16758621,16758621
Jason Preston,PG,23,LAC,13,0,9.4,1.4,3.2,0.439,0.4,1.4,0.278,1.0,1.8,0.565,0.5,0.0,0.2,0.0,0.2,1.5,1.7,2.1,0.2,0.0,0.8,0.5,3.2,1563518,1563518
Josh Primo,SG,20,SAS,4,0,23.3,2.3,6.5,0.346,0.8,3.0,0.25,1.5,3.5,0.429,0.404,1.8,2.3,0.778,0.5,2.8,3.3,4.5,0.3,0.5,2.8,2.0,7.0,4144320,4144320
Taurean Prince,SF,28,MIN,42,2,21.4,3.2,6.7,0.479,1.3,3.4,0.385,1.9,3.3,0.577,0.577,1.0,1.2,0.843,0.3,2.1,2.4,1.6,0.5,0.4,1.3,2.3,8.7,7295000,7295000
Payton Pritchard,PG,25,BOS,45,2,12.5,1.8,4.6,0.39,0.9,2.8,0.331,0.8,1.7,0.487,0.493,0.2,0.3,0.733,0.5,1.0,1.5,1.0,0.3,0.0,0.7,0.8,4.7,2239200,2239200
Trevelin Queen,SG,25,IND,7,0,10.0,1.0,4.1,0.241,0.3,2.1,0.133,0.7,2.0,0.357,0.276,0.7,0.7,1.0,1.1,1.3,2.4,0.9,0.3,0.7,1.0,0.6,3.0,838891,838891
Neemias Queta,C,23,SAC,4,0,6.3,1.5,2.0,0.75,0.0,0.0,,1.5,2.0,0.75,0.75,0.0,0.5,0.0,1.0,1.3,2.3,0.3,0.0,0.3,0.3,1.8,3.0,508891,508891
Immanuel Quickley,PG,23,NYK,69,14,28.4,4.8,10.7,0.443,1.9,5.2,0.359,2.9,5.5,0.522,0.53,2.1,2.6,0.824,0.7,3.4,4.1,3.2,0.9,0.2,1.1,2.1,13.5,2316240,2316240
Julius Randle,PF,28,NYK,70,70,35.9,8.6,18.7,0.459,2.9,8.4,0.346,5.7,10.3,0.551,0.536,5.2,6.9,0.753,2.0,8.3,10.3,4.1,0.7,0.3,2.8,3.1,25.3,23760000,23760000
Austin Reaves,SG,24,LAL,50,12,27.6,3.6,7.0,0.51,1.3,3.3,0.387,2.3,3.8,0.617,0.6,2.8,3.2,0.87,0.5,2.3,2.8,2.7,0.5,0.4,1.4,1.7,11.2,1563518,1563518
Cam Reddish,SF,23,TOT,33,19,25.3,3.7,8.2,0.457,1.3,3.9,0.336,2.4,4.3,0.567,0.537,1.7,2.0,0.862,0.5,1.8,2.2,1.7,1.0,0.3,1.2,1.8,10.5,5954454,5954454
Davon Reed,SG,27,TOT,39,1,8.6,0.7,2.1,0.325,0.4,1.2,0.37,0.3,0.9,0.27,0.428,0.4,0.6,0.667,0.3,1.2,1.5,0.5,0.4,0.1,0.5,1.0,2.2,1902133,1902133
Paul Reed,C,23,PHI,54,0,10.1,1.5,2.6,0.573,0.0,0.1,0.0,1.5,2.6,0.59,0.573,0.4,0.5,0.759,1.4,2.0,3.4,0.3,0.6,0.7,0.6,1.9,3.4,1782621,1782621
Naz Reid,C,23,MIN,60,11,18.0,4.2,8.0,0.53,1.1,3.1,0.34,3.2,4.8,0.654,0.597,1.1,1.7,0.653,1.2,3.8,4.9,1.1,0.6,0.8,1.3,2.6,10.6,1930681,1930681
Jared Rhoden,SG,23,DET,4,0,8.3,1.0,2.3,0.444,0.0,0.5,0.0,1.0,1.8,0.571,0.444,0.0,0.0,,1.3,0.8,2.0,0.0,0.0,0.0,0.0,1.0,2.0,307089,307089
Nick Richards,C,25,CHO,55,2,18.1,2.9,4.8,0.618,0.0,0.0,,2.9,4.8,0.618,0.618,2.0,2.7,0.752,2.3,3.6,5.9,0.5,0.2,1.1,0.9,2.3,7.9,1782621,1782621
Josh Richardson,SG,29,TOT,51,10,24.3,4.1,9.4,0.433,1.7,4.9,0.355,2.3,4.5,0.517,0.525,1.3,1.5,0.861,0.7,2.1,2.8,3.0,1.2,0.4,1.4,1.9,11.2,12196094,12196094
Austin Rivers,SG,30,MIN,50,10,20.1,1.8,4.1,0.44,0.9,2.4,0.352,1.0,1.7,0.565,0.543,0.6,0.8,0.769,0.1,1.5,1.6,1.5,0.6,0.1,0.5,1.6,5.1,2905851,2905851
Duncan Robinson,SF,28,MIA,33,0,17.3,2.2,5.9,0.371,1.6,4.8,0.335,0.6,1.1,0.528,0.508,0.7,0.8,0.92,0.2,1.6,1.8,1.2,0.4,0.0,0.6,1.9,6.7,16902000,16902000
Mitchell Robinson,C,24,NYK,48,47,27.4,3.3,4.8,0.69,0.0,0.0,,3.3,4.8,0.69,0.69,1.0,2.0,0.49,4.3,4.9,9.2,0.8,0.9,1.6,0.6,2.9,7.6,17045454,17045454
Orlando Robinson,C,22,MIA,29,1,13.7,1.6,3.0,0.535,0.0,0.2,0.0,1.6,2.8,0.568,0.535,0.7,1.0,0.724,1.5,2.6,4.1,0.7,0.4,0.4,0.5,1.8,3.9,386055,386055
Jeremiah Robinson-Earl,PF,22,OKC,34,19,20.2,2.8,6.1,0.455,0.9,2.8,0.326,1.9,3.4,0.561,0.529,0.9,1.1,0.816,1.9,2.7,4.5,1.0,0.6,0.3,0.5,1.7,7.4,2000000,2000000
Isaiah Roby,PF,24,SAS,42,2,11.3,1.6,3.7,0.432,0.4,1.4,0.3,1.2,2.3,0.516,0.49,0.5,1.0,0.488,0.5,2.0,2.5,0.9,0.4,0.2,0.7,1.3,4.1,1930681,1930681
David Roddy,PF,21,MEM,54,2,16.7,2.5,5.6,0.438,0.8,2.8,0.294,1.6,2.8,0.583,0.512,0.6,1.0,0.604,0.6,2.0,2.6,0.6,0.5,0.3,0.9,1.4,6.4,2588640,2588640
Ryan Rollins,PG,20,GSW,12,0,5.2,0.6,1.7,0.35,0.3,0.8,0.333,0.3,0.9,0.364,0.425,0.5,0.5,1.0,0.3,0.8,1.0,0.5,0.1,0.1,1.3,0.8,1.9,1017781,1017781
Derrick Rose,PG,34,NYK,27,0,12.5,2.3,5.9,0.384,0.7,2.3,0.302,1.6,3.6,0.438,0.443,0.4,0.4,0.917,0.3,1.2,1.5,1.7,0.3,0.2,0.8,0.7,5.6,14520730,14520730
Terrence Ross,SG,31,TOT,48,9,22.3,3.3,7.4,0.442,1.6,4.1,0.384,1.7,3.3,0.516,0.549,0.4,0.5,0.75,0.3,1.8,2.1,1.3,0.6,0.2,0.8,1.4,8.5,11500000,11500000
Terry Rozier,SG,28,CHO,59,59,35.7,7.9,19.1,0.415,2.7,8.1,0.331,5.3,11.0,0.478,0.485,2.9,3.6,0.803,0.9,3.4,4.2,5.0,1.2,0.3,2.2,1.9,21.4,21486316,21486316
Ricky Rubio,PG,32,CLE,22,0,16.8,1.8,5.3,0.342,0.8,2.8,0.29,1.0,2.5,0.4,0.419,0.9,1.1,0.76,0.3,2.0,2.3,3.4,1.0,0.2,1.0,1.4,5.3,5853659,5853659
D'Angelo Russell,PG,26,TOT,60,60,32.4,6.3,13.4,0.471,2.8,6.9,0.398,3.6,6.5,0.55,0.574,2.6,3.1,0.853,0.6,2.6,3.2,6.2,1.0,0.4,2.7,2.1,18.0,31377750,31377750
Matt Ryan,SF,25,TOT,32,0,9.5,1.3,3.3,0.374,1.0,2.6,0.386,0.3,0.8,0.333,0.523,0.3,0.4,0.833,0.1,0.7,0.8,0.5,0.2,0.0,0.2,0.8,3.8,806097,806097
Domantas Sabonis,C,26,SAC,64,64,34.5,7.2,11.7,0.614,0.4,1.1,0.366,6.8,10.6,0.64,0.631,4.2,5.5,0.763,3.0,9.3,12.3,7.0,0.8,0.5,3.0,3.7,19.0,18500000,18500000
Dario Saric,PF,28,TOT,49,12,14.5,2.3,5.0,0.463,0.8,2.1,0.392,1.5,2.9,0.514,0.545,1.1,1.3,0.833,1.0,2.9,3.9,1.4,0.3,0.1,1.0,1.8,6.6,9240000,9240000
Olivier Sarr,C,23,OKC,2,0,11.0,1.5,3.5,0.429,0.0,1.5,0.0,1.5,2.0,0.75,0.429,0.5,0.5,1.0,1.0,1.5,2.5,0.0,0.0,0.5,0.0,1.0,3.5,90665,90665
Jordan Schakel,SF,24,WAS,2,0,3.0,0.5,1.0,0.5,0.5,0.5,1.0,0.0,0.5,0.0,0.75,0.0,0.0,,0.0,0.0,0.0,0.5,0.5,0.0,0.0,0.5,1.5,96514,96514
Admiral Schofield,PF,25,ORL,31,0,11.9,1.5,3.1,0.484,0.6,1.8,0.351,0.8,1.2,0.684,0.589,0.5,0.6,0.895,0.6,1.1,1.7,0.8,0.2,0.1,0.2,1.7,4.2,877940,877940
Dennis Schroeder,PG,29,LAL,54,47,31.0,4.2,10.1,0.418,1.2,3.5,0.335,3.0,6.6,0.463,0.477,3.2,3.7,0.874,0.2,2.3,2.5,4.7,0.8,0.1,1.7,2.3,12.8,2641682,2641682
Dereon Seabron,SG,22,NOP,5,0,2.4,0.4,1.0,0.4,0.0,0.0,,0.4,1.0,0.4,0.4,0.0,0.0,,0.2,0.0,0.2,0.0,0.0,0.0,0.0,0.2,0.8,508891,508891
Alperen Sengun,C,20,HOU,62,59,28.3,5.8,10.5,0.555,0.2,0.7,0.318,5.6,9.8,0.573,0.566,2.9,3.9,0.734,3.2,5.5,8.7,3.8,0.9,0.9,2.5,3.3,14.7,3375360,3375360
Collin Sexton,SG,24,UTA,47,15,24.0,4.9,9.7,0.507,1.0,2.5,0.41,3.9,7.2,0.54,0.559,3.4,4.2,0.822,0.8,1.4,2.2,2.9,0.6,0.1,1.8,2.3,14.3,16500000,16500000
Landry Shamet,SG,25,PHO,30,7,21.4,3.1,8.1,0.38,2.0,5.4,0.377,1.0,2.7,0.388,0.506,1.4,1.5,0.911,0.3,1.4,1.7,2.2,0.6,0.2,1.0,1.5,9.5,9500000,9500000
Day'Ron Sharpe,C,21,BRK,36,2,11.2,1.8,3.4,0.516,0.1,0.3,0.556,1.6,3.1,0.513,0.537,0.5,0.8,0.607,1.7,2.1,3.8,0.8,0.2,0.6,1.0,2.0,4.1,2109480,2109480
Shaedon Sharpe,SG,19,POR,67,5,20.5,3.1,6.6,0.474,1.0,2.9,0.349,2.1,3.8,0.569,0.549,0.6,0.9,0.667,0.8,1.8,2.6,0.7,0.4,0.3,0.8,1.6,7.9,6012960,6012960
Pascal Siakam,C,28,TOR,58,58,37.5,8.8,18.7,0.473,1.4,4.1,0.343,7.4,14.6,0.509,0.511,5.4,6.9,0.772,1.8,5.7,7.6,5.9,0.9,0.6,2.5,3.3,24.4,35448672,35448672
Chris Silva,PF,26,DAL,1,0,3.0,1.0,1.0,1.0,0.0,0.0,,1.0,1.0,1.0,1.0,0.0,0.0,,0.0,0.0,0.0,0.0,0.0,0.0,1.0,2.0,2.0,211045,211045
Ben Simmons,PG,26,BRK,42,33,26.3,3.2,5.6,0.566,0.0,0.0,0.0,3.2,5.5,0.571,0.566,0.6,1.4,0.439,1.0,5.3,6.3,6.1,1.3,0.6,2.3,3.3,6.9,35448672,35448672
Marko Simonovic,C,23,CHI,3,0,1.7,0.0,0.3,0.0,0.0,0.3,0.0,0.0,0.0,,0.0,0.0,0.0,,0.0,0.0,0.0,0.0,0.0,0.0,0.0,0.3,0.0,1563518,1563518
Anfernee Simons,SG,23,POR,59,59,35.0,7.6,16.9,0.451,3.5,9.1,0.384,4.1,7.8,0.531,0.555,2.5,2.7,0.907,0.3,2.4,2.6,4.1,0.7,0.2,2.1,2.3,21.2,22321429,22321429
Jericho Sims,C,24,NYK,49,16,15.8,1.6,2.1,0.769,0.0,0.0,0.0,1.6,2.1,0.777,0.769,0.2,0.3,0.75,1.9,2.8,4.7,0.5,0.3,0.6,0.5,1.9,3.5,1639842,1639842
Marcus Smart,PG,28,BOS,51,51,32.5,4.0,9.8,0.414,1.8,5.4,0.339,2.2,4.3,0.507,0.508,1.5,1.9,0.768,0.7,2.6,3.3,6.5,1.5,0.4,2.4,2.7,11.4,17207142,17207142
Dennis Smith,PG,25,CHO,48,13,25.4,3.5,8.3,0.421,0.4,2.0,0.221,3.0,6.3,0.483,0.447,1.5,2.0,0.74,0.5,2.5,2.9,4.6,1.4,0.5,1.5,2.3,8.9,2133278,2133278
Dru Smith,SG,25,TOT,10,1,12.4,1.8,3.9,0.462,0.5,1.8,0.278,1.3,2.1,0.619,0.526,0.1,0.1,1.0,0.2,1.6,1.8,1.5,0.9,0.4,0.2,1.5,4.2,374357,374357
Jabari Smith,PF,19,HOU,64,64,30.3,4.3,10.9,0.396,1.5,5.1,0.302,2.8,5.8,0.48,0.467,2.0,2.5,0.791,1.4,5.7,7.1,1.2,0.5,0.9,1.4,2.9,12.2,8882640,8882640
Jalen Smith,PF,22,IND,56,28,18.4,3.4,7.3,0.471,0.8,2.9,0.284,2.6,4.4,0.593,0.527,1.5,2.0,0.773,1.8,3.9,5.7,0.9,0.3,0.9,1.1,2.1,9.2,4670160,4670160
Jeremy Sochan,PF,19,SAS,53,50,26.3,4.4,9.8,0.448,0.5,2.3,0.238,3.8,7.5,0.513,0.476,1.4,2.0,0.704,1.8,3.4,5.2,2.6,0.8,0.4,1.7,2.5,10.7,5063520,5063520
Jaden Springer,SG,20,PHI,8,0,3.6,0.9,1.6,0.538,0.0,0.1,0.0,0.9,1.5,0.583,0.538,0.4,0.5,0.75,0.6,0.4,1.0,0.3,0.5,0.3,0.1,0.9,2.1,2125200,2125200
Lamar Stevens,PF,25,CLE,50,19,18.1,2.1,4.6,0.461,0.5,1.5,0.303,1.7,3.1,0.539,0.511,0.7,0.9,0.723,0.8,2.5,3.2,0.6,0.4,0.3,0.5,1.3,5.4,1782621,1782621
Isaiah Stewart,C,21,DET,50,47,28.3,3.9,8.8,0.442,1.3,4.1,0.327,2.6,4.7,0.542,0.518,2.2,3.0,0.738,2.3,5.8,8.1,1.4,0.4,0.7,1.4,2.7,11.3,3433320,3433320
Max Strus,SF,26,MIA,67,28,29.3,4.2,10.3,0.406,2.5,7.3,0.34,1.7,3.0,0.564,0.525,1.1,1.3,0.881,0.7,2.8,3.4,2.1,0.6,0.2,0.9,2.1,11.9,1815677,1815677
Jalen Suggs,PG,21,ORL,43,16,23.8,3.5,8.3,0.42,1.2,3.7,0.316,2.3,4.6,0.503,0.49,1.6,2.2,0.716,1.1,1.9,3.0,3.3,1.3,0.5,1.9,2.4,9.7,6922320,6922320
Edmond Sumner,SG,27,BRK,47,12,14.5,2.4,5.4,0.455,0.6,1.8,0.349,1.8,3.6,0.506,0.512,2.0,2.1,0.929,0.2,1.3,1.6,1.4,0.7,0.2,0.9,1.6,7.5,1968175,1968175
Cole Swider,SF,23,LAL,6,0,6.7,0.5,1.5,0.333,0.5,1.3,0.375,0.0,0.2,0.0,0.5,0.0,0.0,,0.2,1.0,1.2,0.7,0.0,0.0,0.0,0.5,1.5,508891,508891
Jae'Sean Tate,SF,27,HOU,27,7,21.8,3.5,7.5,0.47,0.4,1.5,0.3,3.1,6.0,0.512,0.5,1.6,2.2,0.729,1.4,2.5,3.9,2.6,0.6,0.2,1.5,3.3,9.1,7065217,7065217
Jayson Tatum,PF,24,BOS,63,63,37.4,10.0,21.5,0.463,3.3,9.4,0.355,6.6,12.0,0.548,0.541,7.1,8.3,0.859,1.1,7.8,8.9,4.7,1.0,0.8,2.9,2.1,30.4,30351780,30351780
Terry Taylor,PF,23,TOT,28,2,8.4,1.1,2.4,0.478,0.1,0.6,0.222,1.0,1.8,0.571,0.507,0.2,0.3,0.714,0.8,0.6,1.4,0.4,0.1,0.2,0.3,0.9,2.6,1703902,1703902
Garrett Temple,SG,36,NOP,20,0,7.1,0.8,2.1,0.366,0.5,1.2,0.391,0.3,0.9,0.333,0.476,0.2,0.2,0.75,0.2,0.5,0.7,0.6,0.5,0.1,0.2,0.7,2.1,5155500,5155500
Dalen Terry,SG,20,CHI,27,0,4.8,0.7,1.5,0.45,0.2,0.6,0.333,0.5,0.9,0.52,0.513,0.2,0.4,0.5,0.3,0.4,0.7,0.6,0.1,0.1,0.2,0.4,1.7,3191400,3191400
Daniel Theis,C,30,IND,7,1,15.6,3.0,6.3,0.477,0.3,1.6,0.182,2.7,4.7,0.576,0.5,0.7,1.7,0.417,1.0,2.1,3.1,1.3,0.3,0.9,0.4,1.0,7.0,8694369,8694369
Cam Thomas,SG,21,BRK,49,3,16.9,3.6,8.0,0.444,0.9,2.3,0.389,2.7,5.7,0.466,0.5,2.8,3.3,0.858,0.2,1.6,1.8,1.5,0.4,0.1,1.1,1.0,10.8,2138160,2138160
Klay Thompson,SG,32,GSW,56,56,32.8,7.9,18.3,0.433,4.3,10.6,0.407,3.6,7.7,0.469,0.551,1.9,2.1,0.897,0.7,3.4,4.1,2.5,0.7,0.3,1.8,2.0,22.0,40600080,40600080
JT Thor,PF,20,CHO,57,4,11.6,1.0,2.6,0.369,0.3,1.3,0.26,0.6,1.3,0.474,0.433,0.3,0.5,0.621,0.6,1.3,1.8,0.4,0.3,0.2,0.4,0.8,2.6,1563518,1563518
Matisse Thybulle,SG,25,TOT,61,18,15.4,1.4,3.1,0.442,0.7,1.9,0.372,0.7,1.3,0.545,0.553,0.2,0.2,0.714,0.6,1.2,1.8,0.7,1.1,0.4,0.3,1.6,3.6,4379526,4379526
Xavier Tillman,PF,24,MEM,47,16,17.5,2.7,4.5,0.592,0.1,0.3,0.267,2.6,4.2,0.616,0.601,0.8,1.5,0.529,2.0,2.7,4.7,1.4,0.9,0.4,0.7,1.5,6.2,1782621,1782621
Isaiah Todd,PF,21,WAS,4,0,3.3,0.3,1.0,0.25,0.0,0.8,0.0,0.3,0.3,1.0,0.25,0.0,0.0,,0.0,0.0,0.0,0.0,0.0,0.0,0.0,0.0,0.5,1575000,1575000
Obi Toppin,PF,24,NYK,55,0,14.5,2.3,5.6,0.412,1.1,3.3,0.32,1.2,2.3,0.544,0.507,0.5,0.7,0.784,0.5,2.4,2.9,0.8,0.3,0.2,0.5,1.0,6.2,5348280,5348280
Juan Toscano-Anderson,SF,29,TOT,38,7,12.0,1.0,2.2,0.459,0.2,0.7,0.231,0.9,1.6,0.559,0.494,0.3,0.4,0.733,0.4,1.8,2.2,0.9,0.3,0.2,0.6,1.5,2.5,2133278,2133278
Karl-Anthony Towns,PF,27,MIN,21,21,33.8,7.3,14.4,0.505,1.8,5.6,0.325,5.5,8.9,0.618,0.568,4.4,5.0,0.885,1.7,6.5,8.2,5.3,0.8,0.7,3.1,3.9,20.8,33833400,33833400
Gary Trent Jr,SG,24,TOR,59,43,32.7,6.3,14.5,0.432,2.6,7.0,0.366,3.7,7.5,0.493,0.52,2.6,3.2,0.839,0.4,2.2,2.6,1.6,1.6,0.2,0.9,1.6,17.7,17505000,17505000
PJ Tucker,PF,37,PHI,64,64,25.7,1.2,2.9,0.427,0.7,1.8,0.398,0.5,1.1,0.472,0.549,0.3,0.3,0.864,1.3,2.7,4.0,0.8,0.5,0.2,0.6,2.4,3.5,10490000,10490000
Myles Turner,C,26,IND,57,57,29.6,6.5,11.9,0.546,1.6,4.1,0.385,4.9,7.8,0.631,0.613,3.4,4.4,0.782,1.4,6.2,7.6,1.3,0.6,2.4,1.7,3.4,18.0,35096500,35096500
Stanley Umude,SG,23,DET,1,0,2.0,0.0,1.0,0.0,0.0,1.0,0.0,0.0,0.0,,0.0,2.0,2.0,1.0,0.0,0.0,0.0,0.0,1.0,1.0,0.0,0.0,2.0,58493,58493
Jonas Valanciunas,C,30,NOP,65,65,24.5,5.6,10.1,0.549,0.5,1.4,0.351,5.0,8.7,0.582,0.574,2.4,2.9,0.821,2.8,6.8,9.6,1.7,0.2,0.5,2.0,3.0,14.0,14700000,14700000
Jarred Vanderbilt,PF,23,TOT,64,51,24.2,3.3,5.9,0.554,0.4,1.1,0.319,2.9,4.8,0.609,0.584,1.3,1.9,0.689,2.3,5.5,7.8,2.6,1.1,0.3,1.3,2.5,8.2,4374000,4374000
Fred VanVleet,PG,28,TOR,56,56,37.0,6.2,16.0,0.39,3.0,8.8,0.341,3.3,7.2,0.45,0.484,3.6,4.1,0.899,0.5,3.8,4.3,7.0,1.7,0.6,1.9,2.9,19.1,21250000,21250000
Devin Vassell,SG,22,SAS,33,27,31.0,6.9,15.7,0.438,2.7,6.9,0.388,4.2,8.8,0.478,0.523,2.2,2.8,0.791,0.2,3.6,3.8,3.5,1.1,0.4,1.5,1.5,18.6,4437000,4437000
Gabe Vincent,PG,26,MIA,55,21,26.4,3.3,8.5,0.387,1.7,5.3,0.316,1.6,3.2,0.506,0.486,1.1,1.3,0.884,0.4,1.8,2.2,2.5,0.9,0.1,1.5,2.5,9.3,1815677,1815677
Noah Vonleh,C,27,BOS,23,1,7.4,0.5,1.0,0.458,0.0,0.2,0.25,0.4,0.9,0.5,0.479,0.1,0.1,1.0,0.8,1.3,2.1,0.3,0.1,0.3,0.5,1.5,1.1,1160955,1160955
Nikola Vucevic,C,32,CHI,67,67,33.8,7.3,14.2,0.512,1.6,4.6,0.354,5.6,9.6,0.588,0.57,1.6,1.9,0.82,2.0,9.3,11.3,3.3,0.7,0.8,1.7,2.2,17.7,22000000,22000000
Dean Wade,PF,26,CLE,37,9,20.3,1.7,4.0,0.419,1.0,2.8,0.362,0.6,1.2,0.558,0.547,0.4,0.6,0.652,0.4,3.1,3.5,0.9,0.6,0.5,0.4,2.1,4.8,1930681,1930681
Franz Wagner,SF,21,ORL,67,67,32.9,6.9,14.0,0.488,1.7,4.6,0.372,5.1,9.4,0.545,0.549,3.4,4.1,0.833,0.9,3.0,3.9,3.5,0.9,0.2,2.1,2.3,18.8,5258280,5258280
Moritz Wagner,C,25,ORL,47,17,20.7,3.7,7.5,0.496,1.0,3.2,0.309,2.7,4.3,0.634,0.561,2.8,3.3,0.844,1.3,3.5,4.8,1.6,0.7,0.2,1.2,2.6,11.1,1878720,1878720
Ishmail Wainright,SF,28,PHO,49,1,15.1,1.4,3.8,0.378,1.0,2.9,0.343,0.4,0.9,0.489,0.508,0.4,0.5,0.84,0.8,1.3,2.2,0.9,0.8,0.3,0.4,2.0,4.3,980057,980057
Jabari Walker,SF,20,POR,44,0,8.9,1.0,2.4,0.433,0.2,0.7,0.241,0.9,1.7,0.507,0.466,0.5,0.7,0.742,0.8,1.2,2.0,0.5,0.1,0.2,0.4,0.9,2.7,1017781,1017781
Kemba Walker,PG,32,DAL,9,1,16.0,2.7,6.3,0.421,0.8,3.1,0.25,1.9,3.2,0.586,0.482,1.9,2.3,0.81,0.3,1.4,1.8,2.1,0.2,0.2,0.4,1.2,8.0,37281261,37281261
Lonnie Walker,SG,24,LAL,49,32,25.2,4.6,10.2,0.447,1.7,4.8,0.365,2.8,5.5,0.519,0.532,1.8,2.0,0.87,0.3,1.8,2.1,1.3,0.6,0.3,0.9,1.4,12.7,6479000,6479000
John Wall,PG,32,LAC,34,3,22.2,4.1,9.9,0.408,1.0,3.2,0.303,3.1,6.7,0.459,0.457,2.3,3.3,0.681,0.4,2.3,2.7,5.2,0.8,0.4,2.4,1.7,11.4,47345760,47345760
TJ Warren,PF-SF,29,TOT,32,0,16.6,3.3,6.6,0.502,0.5,1.6,0.34,2.8,5.0,0.553,0.543,0.8,1.0,0.818,0.5,2.2,2.7,0.9,0.5,0.3,0.6,1.6,8.0,2628597,2628597
Duane Washington Jr,SG,22,PHO,31,3,12.7,3.0,8.3,0.367,1.3,3.6,0.36,1.7,4.7,0.372,0.445,0.5,0.8,0.667,0.1,1.1,1.2,2.0,0.2,0.1,1.1,0.7,7.9,628802,628802
PJ Washington,PF,24,CHO,65,65,32.8,5.8,13.1,0.441,2.0,5.8,0.354,3.7,7.3,0.511,0.519,1.7,2.3,0.737,1.0,3.9,4.9,2.4,0.9,1.2,1.5,2.7,15.3,5808435,5808435
TyTy Washington,PG,21,HOU,29,2,13.8,1.9,5.3,0.359,0.6,2.6,0.224,1.3,2.7,0.494,0.415,0.3,0.6,0.625,0.1,1.3,1.4,1.6,0.4,0.1,0.5,0.9,4.7,2210040,2210040
Yuta Watanabe,SF,28,BRK,46,0,17.7,2.2,4.4,0.505,1.2,2.5,0.461,1.1,1.9,0.563,0.636,0.7,0.9,0.756,0.6,2.0,2.6,0.8,0.5,0.3,0.4,1.5,6.3,1968175,1968175
Lindy Waters III,SG,25,OKC,31,0,12.1,1.6,4.1,0.398,1.4,3.8,0.373,0.2,0.3,0.7,0.57,0.5,0.6,0.833,0.3,1.5,1.8,0.7,0.4,0.3,0.3,1.0,5.2,2316876,2316876
Trendon Watford,PF,22,POR,51,2,17.6,2.4,4.2,0.568,0.3,0.9,0.386,2.0,3.3,0.615,0.608,1.0,1.4,0.712,0.7,3.0,3.6,1.9,0.5,0.1,1.1,1.9,6.1,1563518,1563518
Peyton Watson,SG,20,DEN,14,0,3.1,0.7,1.4,0.526,0.1,0.3,0.5,0.6,1.1,0.533,0.579,0.0,0.1,0.0,0.2,0.4,0.6,0.1,0.0,0.1,0.1,0.1,1.6,2193960,2193960
Blake Wesley,SG,19,SAS,22,1,15.8,1.8,5.1,0.345,0.6,1.4,0.419,1.2,3.7,0.317,0.403,0.6,1.0,0.619,0.2,1.7,1.9,1.7,0.5,0.1,1.6,2.0,4.7,2385480,2385480
Russell Westbrook,PG,34,TOT,60,11,28.8,5.8,13.6,0.426,1.2,3.9,0.292,4.6,9.6,0.481,0.469,2.8,4.3,0.661,1.1,4.8,5.9,7.5,1.1,0.4,3.6,2.4,15.6,47080179,47080179
Coby White,SG,22,CHI,59,1,22.3,3.1,7.5,0.415,1.6,4.5,0.352,1.5,2.9,0.511,0.522,0.9,1.0,0.85,0.2,2.4,2.6,2.2,0.7,0.1,0.8,1.6,8.7,7413955,7413955
Derrick White,SG,28,BOS,68,56,28.0,4.2,9.2,0.461,1.7,4.6,0.374,2.5,4.6,0.548,0.555,2.0,2.3,0.87,0.6,2.8,3.4,3.9,0.7,0.9,1.1,2.3,12.1,16892857,16892857
Jack White,SF,25,DEN,16,0,3.2,0.4,1.0,0.438,0.2,0.5,0.375,0.3,0.5,0.5,0.531,0.1,0.2,0.667,0.2,0.4,0.6,0.2,0.1,0.1,0.1,0.5,1.2,508891,508891
Joe Wieskamp,SF,23,TOR,3,0,8.0,1.0,2.7,0.375,1.0,2.3,0.429,0.0,0.3,0.0,0.563,0.0,0.0,,0.0,0.7,0.7,0.3,0.0,0.0,0.3,0.3,3.0,2909261,2909261
Aaron Wiggins,SG,24,OKC,56,14,18.9,2.6,5.3,0.498,0.7,1.8,0.38,1.9,3.5,0.559,0.563,0.8,1.0,0.8,1.1,2.1,3.1,1.3,0.5,0.2,0.8,1.6,6.7,1563518,1563518
Andrew Wiggins,SF,27,GSW,37,37,32.2,6.8,14.3,0.473,2.4,6.1,0.396,4.4,8.2,0.53,0.557,1.2,1.9,0.611,1.6,3.4,5.0,2.3,1.2,0.8,1.3,2.9,17.1,33616770,33616770
Lindell Wigginton,PG,24,MIL,1,0,1.0,0.0,0.0,,0.0,0.0,,0.0,0.0,,,0.0,0.0,,0.0,0.0,0.0,0.0,0.0,0.0,0.0,0.0,0.0,99438,99438
Alondes Williams,SG,23,BRK,1,0,5.0,0.0,0.0,,0.0,0.0,,0.0,0.0,,,0.0,0.0,,0.0,1.0,1.0,0.0,0.0,0.0,2.0,1.0,0.0,254446,254446
Grant Williams,PF,24,BOS,65,21,27.0,2.8,6.1,0.455,1.5,3.7,0.404,1.3,2.4,0.532,0.577,1.3,1.6,0.804,1.1,3.6,4.8,1.8,0.6,0.4,1.1,2.6,8.4,4306281,4306281
Jalen Williams,SG,21,OKC,62,49,29.7,5.3,10.2,0.52,1.0,2.7,0.347,4.4,7.5,0.583,0.566,1.8,2.4,0.776,1.0,3.2,4.3,3.2,1.4,0.5,1.6,2.5,13.4,4341480,4341480
Jaylin Williams,PF,20,OKC,36,23,17.9,2.1,4.8,0.444,0.9,2.1,0.413,1.3,2.7,0.469,0.535,0.7,1.0,0.714,0.8,3.9,4.8,1.5,0.5,0.3,0.7,2.2,5.8,2000000,2000000
Kenrich Williams,PF,28,OKC,53,10,22.8,3.4,6.5,0.517,0.9,2.5,0.373,2.4,4.0,0.608,0.59,0.3,0.7,0.436,1.8,3.1,4.9,2.0,0.8,0.3,0.6,2.1,8.0,2000000,2000000
Mark Williams,C,21,CHO,37,12,17.7,3.4,5.3,0.641,0.0,0.0,,3.4,5.3,0.641,0.641,1.5,2.1,0.692,2.0,4.4,6.4,0.4,0.7,1.1,0.8,2.2,8.2,3722040,3722040
Patrick Williams,PF,21,CHI,67,59,28.6,3.9,8.1,0.473,1.4,3.3,0.413,2.5,4.8,0.514,0.557,1.1,1.3,0.862,1.0,3.2,4.2,1.3,0.8,0.8,1.2,1.9,10.2,7775400,7775400
Robert Williams,C,25,BOS,28,18,24.2,3.9,5.1,0.75,0.0,0.0,0.0,3.9,5.1,0.755,0.75,0.7,1.1,0.625,3.1,5.5,8.6,1.5,0.5,1.2,0.9,1.9,8.4,10937502,10937502
Vince Williams Jr,SG,22,MEM,11,0,4.7,0.4,1.3,0.286,0.2,0.9,0.2,0.2,0.4,0.5,0.357,0.0,0.0,,0.2,0.5,0.6,0.3,0.4,0.1,0.1,0.5,0.9,508891,508891
Ziaire Williams,SF,21,MEM,34,3,15.1,2.1,4.9,0.417,0.6,2.5,0.247,1.4,2.4,0.59,0.479,0.4,0.5,0.765,0.4,1.7,2.1,0.7,0.4,0.1,1.0,1.6,5.1,4591680,4591680
Zion Williamson,PF,22,NOP,29,29,33.0,9.8,16.2,0.608,0.2,0.7,0.368,9.6,15.5,0.618,0.615,6.1,8.6,0.714,2.0,5.0,7.0,4.6,1.1,0.6,3.4,2.2,26.0,13534817,13534817
Justise Winslow,SF,26,POR,29,11,26.8,2.8,6.8,0.409,0.5,1.6,0.311,2.3,5.3,0.438,0.444,0.7,1.0,0.714,1.7,3.3,5.0,3.4,1.0,0.4,1.5,3.1,6.8,4097561,4097561
James Wiseman,C,21,TOT,31,8,16.8,3.7,6.1,0.608,0.1,0.4,0.273,3.6,5.7,0.629,0.616,1.3,1.9,0.661,1.3,3.8,5.1,0.6,0.2,0.5,1.1,2.3,8.8,9603360,9603360
Christian Wood,C,27,DAL,56,17,26.6,6.2,11.8,0.522,1.6,4.4,0.366,4.6,7.4,0.614,0.59,3.2,4.1,0.766,1.3,6.3,7.6,1.6,0.4,1.1,1.8,2.7,17.1,14317459,14317459
Delon Wright,PG,30,WAS,39,9,24.3,2.6,5.4,0.481,0.8,2.3,0.371,1.8,3.2,0.561,0.559,1.0,1.1,0.905,1.2,2.1,3.3,4.0,2.1,0.3,0.9,1.3,7.1,7804878,7804878
McKinley Wright,PG,24,DAL,21,1,10.8,1.1,2.4,0.471,0.2,0.7,0.267,1.0,1.7,0.556,0.51,0.4,0.6,0.692,0.3,1.1,1.4,2.0,0.3,0.1,0.6,0.9,2.9,508891,508891
Thaddeus Young,PF,34,TOR,54,9,14.7,2.0,3.7,0.545,0.1,0.6,0.176,1.9,3.0,0.622,0.561,0.3,0.5,0.692,1.3,1.8,3.1,1.4,1.0,0.1,0.8,1.6,4.4,8000000,8000000
Trae Young,PG,24,ATL,61,61,35.0,8.5,19.6,0.433,2.2,6.6,0.337,6.3,13.0,0.482,0.49,7.6,8.6,0.889,0.8,2.2,3.0,10.1,1.1,0.1,4.1,1.5,26.8,37096500,37096500
Omer Yurtseven,C,24,MIA,1,0,7.0,0.0,1.0,0.0,0.0,0.0,,0.0,1.0,0.0,0.0,0.0,0.0,,1.0,0.0,1.0,0.0,0.0,0.0,0.0,1.0,0.0,1752638,1752638
Cody Zeller,C,30,MIA,10,0,13.0,1.5,2.9,0.517,0.0,0.1,0.0,1.5,2.8,0.536,0.517,1.7,2.3,0.739,1.6,1.9,3.5,0.6,0.2,0.4,0.8,2.3,4.7,743922,743922
Ivica Zubac,C,25,LAC,63,63,29.1,4.1,6.5,0.624,0.0,0.0,0.0,4.1,6.5,0.627,0.624,2.1,3.0,0.704,3.3,6.7,10.0,1.0,0.4,1.3,1.7,2.9,10.2,10123457,10123457
